# ************************************************************
# Sequel Pro SQL dump
# Version 3408
#
# http://www.sequelpro.com/
# http://code.google.com/p/sequel-pro/
#
# Host: localhost (MySQL 5.5.27)
# Database: ukwm_pingpong
# Generation Time: 2013-01-24 13:51:17 +0000
# ************************************************************


/*!40101 SET @OLD_CHARACTER_SET_CLIENT=@@CHARACTER_SET_CLIENT */;
/*!40101 SET @OLD_CHARACTER_SET_RESULTS=@@CHARACTER_SET_RESULTS */;
/*!40101 SET @OLD_COLLATION_CONNECTION=@@COLLATION_CONNECTION */;
/*!40101 SET NAMES utf8 */;
/*!40014 SET @OLD_FOREIGN_KEY_CHECKS=@@FOREIGN_KEY_CHECKS, FOREIGN_KEY_CHECKS=0 */;
/*!40101 SET @OLD_SQL_MODE=@@SQL_MODE, SQL_MODE='NO_AUTO_VALUE_ON_ZERO' */;
/*!40111 SET @OLD_SQL_NOTES=@@SQL_NOTES, SQL_NOTES=0 */;


# Dump of table departments
# ------------------------------------------------------------

DROP TABLE IF EXISTS `departments`;

CREATE TABLE `departments` (
  `id` int(11) unsigned NOT NULL AUTO_INCREMENT,
  `name` varchar(255) NOT NULL DEFAULT '',
  `created` datetime DEFAULT NULL,
  `modified` datetime DEFAULT NULL,
  PRIMARY KEY (`id`)
) ENGINE=InnoDB DEFAULT CHARSET=utf8;

LOCK TABLES `departments` WRITE;
/*!40000 ALTER TABLE `departments` DISABLE KEYS */;

INSERT INTO `departments` (`id`, `name`, `created`, `modified`)
VALUES
	(1,'Tech','2012-12-19 15:36:24','2012-12-19 15:36:24'),
	(2,'Accounts','2012-12-19 15:36:35','2012-12-19 15:36:35'),
	(3,'Design','2012-12-21 09:04:45','2012-12-21 09:04:45'),
	(4,'Content','2012-12-21 09:05:10','2012-12-21 09:05:10'),
	(5,'Management','2013-01-09 17:32:30','2013-01-09 17:32:30'),
	(6,'Finance','2013-01-23 15:18:23','2013-01-23 15:18:23');

/*!40000 ALTER TABLE `departments` ENABLE KEYS */;
UNLOCK TABLES;


# Dump of table match_types
# ------------------------------------------------------------

DROP TABLE IF EXISTS `match_types`;

CREATE TABLE `match_types` (
  `id` int(11) unsigned NOT NULL AUTO_INCREMENT,
  `name` varchar(255) DEFAULT NULL,
  `created` datetime DEFAULT NULL,
  `modified` datetime DEFAULT NULL,
  PRIMARY KEY (`id`)
) ENGINE=InnoDB DEFAULT CHARSET=utf8;

LOCK TABLES `match_types` WRITE;
/*!40000 ALTER TABLE `match_types` DISABLE KEYS */;

INSERT INTO `match_types` (`id`, `name`, `created`, `modified`)
VALUES
	(1,'Singles','2012-12-19 16:57:02','2012-12-19 16:57:02'),
	(2,'Doubles','2012-12-19 16:57:07','2012-12-19 16:57:07');

/*!40000 ALTER TABLE `match_types` ENABLE KEYS */;
UNLOCK TABLES;


# Dump of table matches
# ------------------------------------------------------------

DROP TABLE IF EXISTS `matches`;

CREATE TABLE `matches` (
  `id` int(11) unsigned NOT NULL AUTO_INCREMENT,
  `match_type_id` int(11) DEFAULT NULL,
  `notes` text,
  `created` datetime DEFAULT NULL,
  `modified` datetime DEFAULT NULL,
  PRIMARY KEY (`id`)
) ENGINE=InnoDB DEFAULT CHARSET=utf8;

LOCK TABLES `matches` WRITE;
/*!40000 ALTER TABLE `matches` DISABLE KEYS */;

INSERT INTO `matches` (`id`, `match_type_id`, `notes`, `created`, `modified`)
VALUES
	(1,2,'','2013-01-04 16:33:09','2013-01-04 16:33:09'),
	(2,2,'','2013-01-04 16:33:24','2013-01-04 16:33:24'),
	(3,2,'','2013-01-04 16:33:42','2013-01-04 16:33:42'),
	(4,2,'','2013-01-04 16:33:59','2013-01-04 16:33:59'),
	(5,2,'','2013-01-04 16:34:14','2013-01-04 16:34:14'),
	(6,2,'','2013-01-07 11:16:48','2013-01-07 11:16:48'),
	(7,2,'','2013-01-07 11:17:31','2013-01-07 11:17:31'),
	(8,2,'','2013-01-07 11:18:02','2013-01-07 11:18:02'),
	(9,1,'','2013-01-07 12:55:21','2013-01-07 12:55:21'),
	(10,1,'','2013-01-07 13:00:57','2013-01-07 13:00:57'),
	(11,1,'','2013-01-07 13:04:28','2013-01-07 13:04:28'),
	(12,1,'','2013-01-07 13:05:43','2013-01-07 13:05:43'),
	(13,1,'','2013-01-07 13:09:47','2013-01-07 13:09:47'),
	(14,1,'','2013-01-07 13:12:23','2013-01-07 13:12:23'),
	(15,1,'','2013-01-07 13:14:42','2013-01-07 13:14:42'),
	(16,1,'','2013-01-07 13:18:08','2013-01-07 13:18:08'),
	(17,1,'','2013-01-07 13:23:22','2013-01-07 13:23:22'),
	(18,1,'','2013-01-07 13:30:05','2013-01-07 13:30:05'),
	(19,1,'','2013-01-07 13:35:25','2013-01-07 13:35:25'),
	(20,1,'','2013-01-07 13:40:12','2013-01-07 13:40:12'),
	(21,1,'','2013-01-07 13:40:27','2013-01-07 13:40:27'),
	(28,1,'','2013-01-08 13:02:49','2013-01-08 13:02:49'),
	(29,1,'','2013-01-08 13:05:49','2013-01-08 13:05:49'),
	(30,1,'','2013-01-08 13:08:39','2013-01-08 13:08:39'),
	(31,1,'','2013-01-08 13:10:54','2013-01-08 13:10:54'),
	(32,1,'','2013-01-08 13:14:35','2013-01-08 13:14:35'),
	(33,1,'','2013-01-08 13:18:12','2013-01-08 13:18:12'),
	(34,1,'','2013-01-08 13:20:28','2013-01-08 13:20:28'),
	(35,1,'','2013-01-08 13:22:24','2013-01-08 13:22:24'),
	(36,1,'','2013-01-08 13:25:09','2013-01-08 13:25:09'),
	(37,1,'','2013-01-08 13:27:36','2013-01-08 13:27:36'),
	(38,1,'','2013-01-08 13:30:36','2013-01-08 13:30:36'),
	(39,2,'','2013-01-08 13:34:25','2013-01-08 13:34:25'),
	(40,2,'','2013-01-08 13:37:07','2013-01-08 13:37:07'),
	(41,1,'','2013-01-08 13:43:10','2013-01-08 13:43:10'),
	(42,1,'','2013-01-08 13:44:20','2013-01-08 13:44:20'),
	(43,1,'','2013-01-08 13:47:55','2013-01-08 13:47:55'),
	(44,1,'','2013-01-08 13:49:36','2013-01-08 13:49:36'),
	(45,1,'','2013-01-08 13:52:11','2013-01-08 13:52:11'),
	(46,1,'','2013-01-08 13:54:33','2013-01-08 13:54:33'),
	(47,1,'','2013-01-09 10:24:35','2013-01-09 10:24:35'),
	(48,1,'','2013-01-09 11:11:29','2013-01-09 11:11:29'),
	(49,1,'','2013-01-09 13:24:13','2013-01-09 13:24:13'),
	(50,1,'','2013-01-09 13:24:18','2013-01-09 13:24:18'),
	(51,1,'','2013-01-09 13:24:26','2013-01-09 13:24:26'),
	(52,1,'','2013-01-09 13:24:31','2013-01-09 13:24:31'),
	(53,1,'','2013-01-09 13:24:37','2013-01-09 13:24:37'),
	(54,1,'','2013-01-09 13:29:21','2013-01-09 13:29:21'),
	(55,1,'','2013-01-09 13:32:03','2013-01-09 13:32:03'),
	(56,1,'','2013-01-09 13:35:12','2013-01-09 13:35:12'),
	(57,1,'','2013-01-09 15:45:56','2013-01-09 15:45:56'),
	(58,1,'','2013-01-09 15:46:02','2013-01-09 15:46:02'),
	(59,1,'','2013-01-10 13:21:57','2013-01-10 13:21:57'),
	(60,1,'','2013-01-10 13:27:45','2013-01-10 13:27:45'),
	(61,1,'','2013-01-10 13:29:49','2013-01-10 13:29:49'),
	(62,1,'','2013-01-10 13:31:41','2013-01-10 13:31:41'),
	(63,1,'','2013-01-10 17:06:34','2013-01-10 17:06:34'),
	(64,1,'','2013-01-10 17:11:02','2013-01-10 17:11:02'),
	(65,1,'','2013-01-10 17:14:35','2013-01-10 17:14:35'),
	(66,1,'','2013-01-11 12:25:07','2013-01-11 12:25:07'),
	(67,1,'','2013-01-11 12:25:17','2013-01-11 12:25:17'),
	(68,1,'','2013-01-11 12:28:10','2013-01-11 12:28:10'),
	(69,1,'','2013-01-11 12:31:39','2013-01-11 12:31:39'),
	(70,1,'','2013-01-11 12:34:43','2013-01-11 12:34:43'),
	(71,1,'','2013-01-11 14:00:24','2013-01-11 14:00:24'),
	(72,1,'','2013-01-11 14:00:29','2013-01-11 14:00:29'),
	(73,1,'','2013-01-11 14:00:33','2013-01-11 14:00:33'),
	(74,1,'','2013-01-11 14:00:38','2013-01-11 14:00:38'),
	(75,1,'','2013-01-11 14:00:44','2013-01-11 14:00:44'),
	(76,1,'from 2 days ago','2013-01-11 14:00:54','2013-01-11 14:00:54');

/*!40000 ALTER TABLE `matches` ENABLE KEYS */;
UNLOCK TABLES;


# Dump of table matches_players
# ------------------------------------------------------------

DROP TABLE IF EXISTS `matches_players`;

CREATE TABLE `matches_players` (
  `id` int(11) unsigned NOT NULL AUTO_INCREMENT,
  `match_id` int(11) NOT NULL,
  `player_id` int(11) NOT NULL,
  `score` int(11) NOT NULL,
  `result` varchar(255) NOT NULL DEFAULT '',
  `created` datetime NOT NULL,
  `modified` datetime NOT NULL,
  PRIMARY KEY (`id`)
) ENGINE=InnoDB DEFAULT CHARSET=utf8;

LOCK TABLES `matches_players` WRITE;
/*!40000 ALTER TABLE `matches_players` DISABLE KEYS */;

INSERT INTO `matches_players` (`id`, `match_id`, `player_id`, `score`, `result`, `created`, `modified`)
VALUES
	(1,1,2,11,'Won','2013-01-04 16:33:09','2013-01-04 16:33:09'),
	(2,1,11,9,'Lost','2013-01-04 16:33:09','2013-01-04 16:33:09'),
	(3,1,8,11,'Won','2013-01-04 16:33:09','2013-01-04 16:33:09'),
	(4,1,1,9,'Lost','2013-01-04 16:33:09','2013-01-04 16:33:09'),
	(5,2,2,6,'Lost','2013-01-04 16:33:24','2013-01-04 16:33:24'),
	(6,2,11,11,'Won','2013-01-04 16:33:24','2013-01-04 16:33:24'),
	(7,2,8,6,'Lost','2013-01-04 16:33:24','2013-01-04 16:33:24'),
	(8,2,1,11,'Won','2013-01-04 16:33:24','2013-01-04 16:33:24'),
	(9,3,2,4,'Lost','2013-01-04 16:33:42','2013-01-04 16:33:42'),
	(10,3,11,11,'Won','2013-01-04 16:33:42','2013-01-04 16:33:42'),
	(11,3,8,4,'Lost','2013-01-04 16:33:42','2013-01-04 16:33:42'),
	(12,3,1,11,'Won','2013-01-04 16:33:42','2013-01-04 16:33:42'),
	(13,4,2,11,'Won','2013-01-04 16:33:59','2013-01-04 16:33:59'),
	(14,4,11,8,'Lost','2013-01-04 16:33:59','2013-01-04 16:33:59'),
	(15,4,8,11,'Won','2013-01-04 16:33:59','2013-01-04 16:33:59'),
	(16,4,1,8,'Lost','2013-01-04 16:33:59','2013-01-04 16:33:59'),
	(17,5,2,11,'Won','2013-01-04 16:34:14','2013-01-04 16:34:14'),
	(18,5,11,6,'Lost','2013-01-04 16:34:14','2013-01-04 16:34:14'),
	(19,5,8,11,'Won','2013-01-04 16:34:14','2013-01-04 16:34:14'),
	(20,5,1,6,'Lost','2013-01-04 16:34:14','2013-01-04 16:34:14'),
	(21,6,1,3,'Lost','2013-01-07 11:16:48','2013-01-07 11:16:48'),
	(22,6,11,11,'Won','2013-01-07 11:16:48','2013-01-07 11:16:48'),
	(23,6,8,3,'Lost','2013-01-07 11:16:48','2013-01-07 11:16:48'),
	(24,6,4,11,'Won','2013-01-07 11:16:48','2013-01-07 11:16:48'),
	(25,7,1,12,'Won','2013-01-07 11:17:31','2013-01-07 11:17:31'),
	(26,7,4,10,'Lost','2013-01-07 11:17:31','2013-01-07 11:17:31'),
	(27,7,8,12,'Won','2013-01-07 11:17:31','2013-01-07 11:17:31'),
	(28,7,11,10,'Lost','2013-01-07 11:17:31','2013-01-07 11:17:31'),
	(29,8,1,14,'Lost','2013-01-07 11:18:02','2013-01-07 11:18:02'),
	(30,8,4,16,'Won','2013-01-07 11:18:02','2013-01-07 11:18:02'),
	(31,8,8,14,'Lost','2013-01-07 11:18:02','2013-01-07 11:18:02'),
	(32,8,11,16,'Won','2013-01-07 11:18:02','2013-01-07 11:18:02'),
	(33,9,1,6,'Lost','2013-01-07 12:55:21','2013-01-07 12:55:21'),
	(34,9,4,11,'Won','2013-01-07 12:55:21','2013-01-07 12:55:21'),
	(35,10,1,5,'Lost','2013-01-07 13:00:57','2013-01-07 13:00:57'),
	(36,10,10,11,'Won','2013-01-07 13:00:57','2013-01-07 13:00:57'),
	(37,11,10,11,'Won','2013-01-07 13:04:28','2013-01-07 13:04:28'),
	(38,11,1,7,'Lost','2013-01-07 13:04:28','2013-01-07 13:04:28'),
	(39,12,10,11,'Won','2013-01-07 13:05:43','2013-01-07 13:05:43'),
	(40,12,4,8,'Lost','2013-01-07 13:05:43','2013-01-07 13:05:43'),
	(41,13,10,11,'Won','2013-01-07 13:09:47','2013-01-07 13:09:47'),
	(42,13,1,5,'Lost','2013-01-07 13:09:47','2013-01-07 13:09:47'),
	(43,14,1,10,'Lost','2013-01-07 13:12:23','2013-01-07 13:12:23'),
	(44,14,4,12,'Won','2013-01-07 13:12:23','2013-01-07 13:12:23'),
	(45,15,1,11,'Won','2013-01-07 13:14:42','2013-01-07 13:14:42'),
	(46,15,4,7,'Lost','2013-01-07 13:14:42','2013-01-07 13:14:42'),
	(47,16,10,11,'Won','2013-01-07 13:18:08','2013-01-07 13:18:08'),
	(48,16,4,2,'Lost','2013-01-07 13:18:08','2013-01-07 13:18:08'),
	(49,17,8,10,'Lost','2013-01-07 13:23:22','2013-01-07 13:23:22'),
	(50,17,1,12,'Won','2013-01-07 13:23:22','2013-01-07 13:23:22'),
	(51,18,11,11,'Won','2013-01-07 13:30:05','2013-01-07 13:30:05'),
	(52,18,1,8,'Lost','2013-01-07 13:30:05','2013-01-07 13:30:05'),
	(53,19,1,11,'Won','2013-01-07 13:35:25','2013-01-07 13:35:25'),
	(54,19,8,5,'Lost','2013-01-07 13:35:25','2013-01-07 13:35:25'),
	(55,20,11,11,'Won','2013-01-07 13:40:12','2013-01-07 13:40:12'),
	(56,20,8,9,'Lost','2013-01-07 13:40:12','2013-01-07 13:40:12'),
	(57,21,11,11,'Won','2013-01-07 13:40:27','2013-01-07 13:40:27'),
	(58,21,8,1,'Lost','2013-01-07 13:40:27','2013-01-07 13:40:27'),
	(71,28,10,11,'Won','2013-01-08 13:02:49','2013-01-08 13:02:49'),
	(72,28,16,5,'Lost','2013-01-08 13:02:49','2013-01-08 13:02:49'),
	(73,29,10,11,'Lost','2013-01-08 13:05:49','2013-01-08 13:05:49'),
	(74,29,16,13,'Won','2013-01-08 13:05:49','2013-01-08 13:05:49'),
	(75,30,4,6,'Lost','2013-01-08 13:08:39','2013-01-08 13:08:39'),
	(76,30,10,11,'Won','2013-01-08 13:08:39','2013-01-08 13:08:39'),
	(77,31,16,11,'Won','2013-01-08 13:10:54','2013-01-08 13:10:54'),
	(78,31,1,1,'Lost','2013-01-08 13:10:54','2013-01-08 13:10:54'),
	(79,32,2,7,'Lost','2013-01-08 13:14:35','2013-01-08 13:14:35'),
	(80,32,1,11,'Won','2013-01-08 13:14:35','2013-01-08 13:14:35'),
	(81,33,2,10,'Lost','2013-01-08 13:18:12','2013-01-08 13:18:12'),
	(82,33,1,12,'Won','2013-01-08 13:18:12','2013-01-08 13:18:12'),
	(83,34,2,2,'Lost','2013-01-08 13:20:28','2013-01-08 13:20:28'),
	(84,34,4,11,'Won','2013-01-08 13:20:28','2013-01-08 13:20:28'),
	(85,35,2,4,'Lost','2013-01-08 13:22:24','2013-01-08 13:22:24'),
	(86,35,10,11,'Won','2013-01-08 13:22:24','2013-01-08 13:22:24'),
	(87,36,4,7,'Lost','2013-01-08 13:25:09','2013-01-08 13:25:09'),
	(88,36,10,11,'Won','2013-01-08 13:25:09','2013-01-08 13:25:09'),
	(89,37,10,11,'Won','2013-01-08 13:27:36','2013-01-08 13:27:36'),
	(90,37,1,5,'Lost','2013-01-08 13:27:36','2013-01-08 13:27:36'),
	(91,38,4,11,'Won','2013-01-08 13:30:36','2013-01-08 13:30:36'),
	(92,38,1,7,'Lost','2013-01-08 13:30:36','2013-01-08 13:30:36'),
	(93,39,4,11,'Won','2013-01-08 13:34:25','2013-01-08 13:34:25'),
	(94,39,1,9,'Lost','2013-01-08 13:34:25','2013-01-08 13:34:25'),
	(95,39,10,11,'Won','2013-01-08 13:34:25','2013-01-08 13:34:25'),
	(96,39,12,9,'Lost','2013-01-08 13:34:25','2013-01-08 13:34:25'),
	(97,40,4,11,'Won','2013-01-08 13:37:07','2013-01-08 13:37:07'),
	(98,40,1,7,'Lost','2013-01-08 13:37:07','2013-01-08 13:37:07'),
	(99,40,10,11,'Won','2013-01-08 13:37:07','2013-01-08 13:37:07'),
	(100,40,12,7,'Lost','2013-01-08 13:37:07','2013-01-08 13:37:07'),
	(101,41,14,11,'Won','2013-01-08 13:43:10','2013-01-08 13:43:10'),
	(102,41,12,6,'Lost','2013-01-08 13:43:10','2013-01-08 13:43:10'),
	(103,42,14,11,'Lost','2013-01-08 13:44:20','2013-01-08 13:44:20'),
	(104,42,12,13,'Won','2013-01-08 13:44:20','2013-01-08 13:44:20'),
	(105,43,12,11,'Won','2013-01-08 13:47:55','2013-01-08 13:47:55'),
	(106,43,10,9,'Lost','2013-01-08 13:47:55','2013-01-08 13:47:55'),
	(107,44,10,3,'Lost','2013-01-08 13:49:36','2013-01-08 13:49:36'),
	(108,44,12,11,'Won','2013-01-08 13:49:36','2013-01-08 13:49:36'),
	(109,45,14,9,'Lost','2013-01-08 13:52:11','2013-01-08 13:52:11'),
	(110,45,12,11,'Won','2013-01-08 13:52:11','2013-01-08 13:52:11'),
	(111,46,10,11,'Won','2013-01-08 13:54:33','2013-01-08 13:54:33'),
	(112,46,12,6,'Lost','2013-01-08 13:54:33','2013-01-08 13:54:33'),
	(113,47,10,11,'Won','2013-01-09 10:24:35','2013-01-09 10:24:35'),
	(114,47,4,9,'Lost','2013-01-09 10:24:35','2013-01-09 10:24:35'),
	(115,48,10,11,'Won','2013-01-09 11:11:29','2013-01-09 11:11:29'),
	(116,48,4,8,'Lost','2013-01-09 11:11:29','2013-01-09 11:11:29'),
	(117,49,12,11,'Won','2013-01-09 13:24:13','2013-01-09 13:24:13'),
	(118,49,14,7,'Lost','2013-01-09 13:24:13','2013-01-09 13:24:13'),
	(119,50,12,5,'Lost','2013-01-09 13:24:18','2013-01-09 13:24:18'),
	(120,50,14,11,'Won','2013-01-09 13:24:18','2013-01-09 13:24:18'),
	(121,51,12,7,'Lost','2013-01-09 13:24:26','2013-01-09 13:24:26'),
	(122,51,14,11,'Won','2013-01-09 13:24:26','2013-01-09 13:24:26'),
	(123,52,12,10,'Lost','2013-01-09 13:24:31','2013-01-09 13:24:31'),
	(124,52,14,12,'Won','2013-01-09 13:24:31','2013-01-09 13:24:31'),
	(125,53,12,12,'Lost','2013-01-09 13:24:37','2013-01-09 13:24:37'),
	(126,53,14,14,'Won','2013-01-09 13:24:37','2013-01-09 13:24:37'),
	(127,54,12,13,'Won','2013-01-09 13:29:21','2013-01-09 13:29:21'),
	(128,54,1,11,'Lost','2013-01-09 13:29:21','2013-01-09 13:29:21'),
	(129,55,12,11,'Won','2013-01-09 13:32:03','2013-01-09 13:32:03'),
	(130,55,1,3,'Lost','2013-01-09 13:32:03','2013-01-09 13:32:03'),
	(131,56,12,11,'Won','2013-01-09 13:35:12','2013-01-09 13:35:12'),
	(132,56,1,7,'Lost','2013-01-09 13:35:12','2013-01-09 13:35:12'),
	(133,57,10,11,'Won','2013-01-09 15:45:56','2013-01-09 15:45:56'),
	(134,57,4,9,'Lost','2013-01-09 15:45:56','2013-01-09 15:45:56'),
	(135,58,10,11,'Won','2013-01-09 15:46:02','2013-01-09 15:46:02'),
	(136,58,4,4,'Lost','2013-01-09 15:46:02','2013-01-09 15:46:02'),
	(137,59,1,12,'Won','2013-01-10 13:21:57','2013-01-10 13:21:57'),
	(138,59,2,10,'Lost','2013-01-10 13:21:57','2013-01-10 13:21:57'),
	(139,60,1,14,'Lost','2013-01-10 13:27:45','2013-01-10 13:27:45'),
	(140,60,2,16,'Won','2013-01-10 13:27:45','2013-01-10 13:27:45'),
	(141,61,1,11,'Won','2013-01-10 13:29:49','2013-01-10 13:29:49'),
	(142,61,2,1,'Lost','2013-01-10 13:29:49','2013-01-10 13:29:49'),
	(143,62,1,11,'Won','2013-01-10 13:31:41','2013-01-10 13:31:41'),
	(144,62,2,2,'Lost','2013-01-10 13:31:41','2013-01-10 13:31:41'),
	(145,63,8,10,'Lost','2013-01-10 17:06:34','2013-01-10 17:06:34'),
	(146,63,1,12,'Won','2013-01-10 17:06:34','2013-01-10 17:06:34'),
	(147,64,8,11,'Won','2013-01-10 17:11:02','2013-01-10 17:11:02'),
	(148,64,1,8,'Lost','2013-01-10 17:11:02','2013-01-10 17:11:02'),
	(149,65,8,11,'Won','2013-01-10 17:14:35','2013-01-10 17:14:35'),
	(150,65,1,5,'Lost','2013-01-10 17:14:35','2013-01-10 17:14:35'),
	(151,66,8,16,'Won','2013-01-11 12:25:07','2013-01-11 12:25:07'),
	(152,66,11,14,'Lost','2013-01-11 12:25:07','2013-01-11 12:25:07'),
	(153,67,8,5,'Won','2013-01-11 12:25:17','2013-01-11 12:25:17'),
	(154,67,11,11,'Lost','2013-01-11 12:25:17','2013-01-11 12:25:17'),
	(155,68,8,8,'Lost','2013-01-11 12:28:10','2013-01-11 12:28:10'),
	(156,68,11,11,'Won','2013-01-11 12:28:10','2013-01-11 12:28:10'),
	(157,69,8,11,'Lost','2013-01-11 12:31:39','2013-01-11 12:31:39'),
	(158,69,11,13,'Won','2013-01-11 12:31:39','2013-01-11 12:31:39'),
	(159,70,8,6,'Lost','2013-01-11 12:34:43','2013-01-11 12:34:43'),
	(160,70,11,11,'Won','2013-01-11 12:34:43','2013-01-11 12:34:43'),
	(161,71,14,13,'Won','2013-01-11 14:00:24','2013-01-11 14:00:24'),
	(162,71,12,11,'Lost','2013-01-11 14:00:24','2013-01-11 14:00:24'),
	(163,72,14,11,'Won','2013-01-11 14:00:29','2013-01-11 14:00:29'),
	(164,72,12,7,'Lost','2013-01-11 14:00:29','2013-01-11 14:00:29'),
	(165,73,14,12,'Won','2013-01-11 14:00:33','2013-01-11 14:00:33'),
	(166,73,12,10,'Lost','2013-01-11 14:00:33','2013-01-11 14:00:33'),
	(167,74,14,7,'Lost','2013-01-11 14:00:38','2013-01-11 14:00:38'),
	(168,74,12,11,'Won','2013-01-11 14:00:38','2013-01-11 14:00:38'),
	(169,75,14,11,'Lost','2013-01-11 14:00:44','2013-01-11 14:00:44'),
	(170,75,12,13,'Won','2013-01-11 14:00:44','2013-01-11 14:00:44'),
	(171,76,14,11,'Won','2013-01-11 14:00:54','2013-01-11 14:00:54'),
	(172,76,4,9,'Lost','2013-01-11 14:00:54','2013-01-11 14:00:54');

/*!40000 ALTER TABLE `matches_players` ENABLE KEYS */;
UNLOCK TABLES;


# Dump of table players
# ------------------------------------------------------------

DROP TABLE IF EXISTS `players`;

CREATE TABLE `players` (
  `id` int(11) unsigned NOT NULL AUTO_INCREMENT,
  `first_name` varchar(255) NOT NULL DEFAULT '',
  `nickname` varchar(255) DEFAULT '',
  `last_name` varchar(255) NOT NULL DEFAULT '',
  `email` varchar(255) DEFAULT NULL,
  `department_id` int(11) DEFAULT NULL,
  `created` datetime DEFAULT NULL,
  `modified` datetime DEFAULT NULL,
  PRIMARY KEY (`id`)
) ENGINE=InnoDB DEFAULT CHARSET=utf8;

LOCK TABLES `players` WRITE;
/*!40000 ALTER TABLE `players` DISABLE KEYS */;

INSERT INTO `players` (`id`, `first_name`, `nickname`, `last_name`, `email`, `department_id`, `created`, `modified`)
VALUES
	(1,'David','Neon','Yell','dyell@ukwebmedia.com',1,'2012-12-19 15:40:09','2012-12-19 15:40:09'),
	(2,'Daniel','Little Panda','Platt','dplatt@ukwebmedia.com',1,'2012-12-19 15:40:23','2012-12-19 15:40:23'),
	(3,'Owen','Pwn','Gerrard','ogerrard@ukwebmedia.com',1,'2012-12-19 17:09:03','2012-12-19 17:09:03'),
	(4,'Benjamin',NULL,'Christine','bchristine@ukwebmedia.com',3,'2012-12-19 17:09:19','2012-12-19 17:09:19'),
	(6,'Simon','','Buckwell','sbuckwell@ukwebmedia.com',1,'2012-12-20 15:50:24','2012-12-20 15:50:24'),
	(7,'Kwame','','Laryea','klaryea@ukwebmedia.com',3,'2012-12-20 15:51:51','2012-12-20 15:51:51'),
	(8,'Adam','The Fury','White','awhite@ukwebmedia.com',1,'2012-12-20 15:52:16','2012-12-20 15:52:16'),
	(9,'Harry','','Walter','hwalter@ukwebmedia.com',1,'2012-12-20 15:52:26','2012-12-20 15:52:26'),
	(10,'Steve','Steve','King','sking@ukwebmedia.com',3,'2012-12-20 15:52:40','2012-12-20 15:52:40'),
	(11,'Stuart','Stu','Lowes','slowes@ukwebmedia.com',1,'2012-12-20 15:53:45','2012-12-20 15:53:45'),
	(12,'Tom','Tojo','Marshall','tmarshall@ukwebmedia.com',2,'2012-12-20 15:54:46','2012-12-20 15:54:46'),
	(13,'James','','Pickard','jpickard@ukwebmedia.com',4,'2012-12-20 15:54:55','2012-12-20 15:54:55'),
	(14,'Shaun','','Bartlett','sbartlett@ukwebmedia.com',2,'2012-12-20 15:55:07','2012-12-20 15:55:07'),
	(16,'James','','Breckenridge','jbreckenridge@ukwebmedia.com',5,'2012-12-21 09:02:55','2012-12-21 09:02:55'),
	(17,'Matt','','Holmes','mholmes@ukwebmedia.com',2,'2013-01-08 17:38:38','2013-01-08 17:38:38'),
	(18,'Mark','','White','mwhite@ukwebmedia.com',5,'2013-01-09 17:33:02','2013-01-09 17:33:02'),
	(19,'Jamie','','Harwood','jharwood@ukwebmedia.com',5,'2013-01-09 17:33:27','2013-01-09 17:33:27'),
	(22,'Chloe','','Ammonds-Nutt','cammonds@ukwebmedia.com',2,'2013-01-23 15:18:29','2013-01-23 15:18:29'),
	(23,'Emily','','Mansfield','emansfield@ukwebmedia.com',2,'2013-01-23 15:18:29','2013-01-23 15:18:29'),
	(24,'Abbie','','Allport','aallport@ukwebmedia.com',2,'2013-01-23 15:18:29','2013-01-23 15:18:29'),
	(25,'Kate','','Trotter','ktrotter@ukwebmedia.com',2,'2013-01-23 15:18:29','2013-01-23 15:18:29'),
	(26,'Sam','','Powley','spowley@ukwebmedia.com',6,'2013-01-23 15:18:29','2013-01-23 15:18:29'),
	(27,'Claire','','Reynolds','creynolds@ukwebmedia.com',6,'2013-01-23 15:18:29','2013-01-23 15:18:29'),
	(28,'Deborah','','Garrett','dgarrett@ukwebmedia.com',6,'2013-01-23 15:18:29','2013-01-23 15:18:29');

/*!40000 ALTER TABLE `players` ENABLE KEYS */;
UNLOCK TABLES;



/*!40111 SET SQL_NOTES=@OLD_SQL_NOTES */;
/*!40101 SET SQL_MODE=@OLD_SQL_MODE */;
/*!40014 SET FOREIGN_KEY_CHECKS=@OLD_FOREIGN_KEY_CHECKS */;
/*!40101 SET CHARACTER_SET_CLIENT=@OLD_CHARACTER_SET_CLIENT */;
/*!40101 SET CHARACTER_SET_RESULTS=@OLD_CHARACTER_SET_RESULTS */;
/*!40101 SET COLLATION_CONNECTION=@OLD_COLLATION_CONNECTION */;
