# ************************************************************
# Sequel Pro SQL dump
# Version 4004
#
# http://www.sequelpro.com/
# http://code.google.com/p/sequel-pro/
#
# Host: 127.0.0.1 (MySQL 5.5.29-0ubuntu0.12.04.1)
# Database: pingpong
# Generation Time: 2013-02-04 13:47:52 +0000
# ************************************************************


/*!40101 SET @OLD_CHARACTER_SET_CLIENT=@@CHARACTER_SET_CLIENT */;
/*!40101 SET @OLD_CHARACTER_SET_RESULTS=@@CHARACTER_SET_RESULTS */;
/*!40101 SET @OLD_COLLATION_CONNECTION=@@COLLATION_CONNECTION */;
/*!40101 SET NAMES utf8 */;
/*!40014 SET @OLD_FOREIGN_KEY_CHECKS=@@FOREIGN_KEY_CHECKS, FOREIGN_KEY_CHECKS=0 */;
/*!40101 SET @OLD_SQL_MODE=@@SQL_MODE, SQL_MODE='NO_AUTO_VALUE_ON_ZERO' */;
/*!40111 SET @OLD_SQL_NOTES=@@SQL_NOTES, SQL_NOTES=0 */;


# Dump of table departments
# ------------------------------------------------------------

DROP TABLE IF EXISTS `departments`;

CREATE TABLE `departments` (
  `id` int(11) unsigned NOT NULL AUTO_INCREMENT,
  `name` varchar(255) NOT NULL DEFAULT '',
  `created` datetime DEFAULT NULL,
  `modified` datetime DEFAULT NULL,
  PRIMARY KEY (`id`)
) ENGINE=InnoDB DEFAULT CHARSET=utf8;

LOCK TABLES `departments` WRITE;
/*!40000 ALTER TABLE `departments` DISABLE KEYS */;

INSERT INTO `departments` (`id`, `name`, `created`, `modified`)
VALUES
	(1,'Tech','2012-12-19 15:36:24','2012-12-19 15:36:24'),
	(2,'Accounts','2012-12-19 15:36:35','2012-12-19 15:36:35'),
	(3,'Design','2012-12-21 09:04:45','2012-12-21 09:04:45'),
	(4,'Content','2012-12-21 09:05:10','2012-12-21 09:05:10'),
	(5,'Management','2013-01-09 17:32:30','2013-01-09 17:32:30'),
	(6,'Finance','2013-01-23 15:18:52','2013-01-23 15:18:52');

/*!40000 ALTER TABLE `departments` ENABLE KEYS */;
UNLOCK TABLES;


# Dump of table match_types
# ------------------------------------------------------------

DROP TABLE IF EXISTS `match_types`;

CREATE TABLE `match_types` (
  `id` int(11) unsigned NOT NULL AUTO_INCREMENT,
  `name` varchar(255) DEFAULT NULL,
  `created` datetime DEFAULT NULL,
  `modified` datetime DEFAULT NULL,
  PRIMARY KEY (`id`)
) ENGINE=InnoDB DEFAULT CHARSET=utf8;

LOCK TABLES `match_types` WRITE;
/*!40000 ALTER TABLE `match_types` DISABLE KEYS */;

INSERT INTO `match_types` (`id`, `name`, `created`, `modified`)
VALUES
	(1,'Singles','2012-12-19 16:57:02','2012-12-19 16:57:02'),
	(2,'Doubles','2012-12-19 16:57:07','2012-12-19 16:57:07');

/*!40000 ALTER TABLE `match_types` ENABLE KEYS */;
UNLOCK TABLES;


# Dump of table matches
# ------------------------------------------------------------

DROP TABLE IF EXISTS `matches`;

CREATE TABLE `matches` (
  `id` int(11) unsigned NOT NULL AUTO_INCREMENT,
  `match_type_id` int(11) DEFAULT NULL,
  `notes` text,
  `created` datetime DEFAULT NULL,
  `modified` datetime DEFAULT NULL,
  PRIMARY KEY (`id`)
) ENGINE=InnoDB DEFAULT CHARSET=utf8;

LOCK TABLES `matches` WRITE;
/*!40000 ALTER TABLE `matches` DISABLE KEYS */;

INSERT INTO `matches` (`id`, `match_type_id`, `notes`, `created`, `modified`)
VALUES
	(1,2,'','2013-01-04 16:33:09','2013-01-04 16:33:09'),
	(2,2,'','2013-01-04 16:33:24','2013-01-04 16:33:24'),
	(3,2,'','2013-01-04 16:33:42','2013-01-04 16:33:42'),
	(4,2,'','2013-01-04 16:33:59','2013-01-04 16:33:59'),
	(5,2,'','2013-01-04 16:34:14','2013-01-04 16:34:14'),
	(6,2,'','2013-01-07 11:16:48','2013-01-07 11:16:48'),
	(7,2,'','2013-01-07 11:17:31','2013-01-07 11:17:31'),
	(8,2,'','2013-01-07 11:18:02','2013-01-07 11:18:02'),
	(9,1,'','2013-01-07 12:55:21','2013-01-07 12:55:21'),
	(10,1,'','2013-01-07 13:00:57','2013-01-07 13:00:57'),
	(11,1,'','2013-01-07 13:04:28','2013-01-07 13:04:28'),
	(12,1,'','2013-01-07 13:05:43','2013-01-07 13:05:43'),
	(13,1,'','2013-01-07 13:09:47','2013-01-07 13:09:47'),
	(14,1,'','2013-01-07 13:12:23','2013-01-07 13:12:23'),
	(15,1,'','2013-01-07 13:14:42','2013-01-07 13:14:42'),
	(16,1,'','2013-01-07 13:18:08','2013-01-07 13:18:08'),
	(17,1,'','2013-01-07 13:23:22','2013-01-07 13:23:22'),
	(18,1,'','2013-01-07 13:30:05','2013-01-07 13:30:05'),
	(19,1,'','2013-01-07 13:35:25','2013-01-07 13:35:25'),
	(20,1,'','2013-01-07 13:40:12','2013-01-07 13:40:12'),
	(21,1,'','2013-01-07 13:40:27','2013-01-07 13:40:27'),
	(28,1,'','2013-01-08 13:02:49','2013-01-08 13:02:49'),
	(29,1,'','2013-01-08 13:05:49','2013-01-08 13:05:49'),
	(30,1,'','2013-01-08 13:08:39','2013-01-08 13:08:39'),
	(31,1,'','2013-01-08 13:10:54','2013-01-08 13:10:54'),
	(32,1,'','2013-01-08 13:14:35','2013-01-08 13:14:35'),
	(33,1,'','2013-01-08 13:18:12','2013-01-08 13:18:12'),
	(34,1,'','2013-01-08 13:20:28','2013-01-08 13:20:28'),
	(35,1,'','2013-01-08 13:22:24','2013-01-08 13:22:24'),
	(36,1,'','2013-01-08 13:25:09','2013-01-08 13:25:09'),
	(37,1,'','2013-01-08 13:27:36','2013-01-08 13:27:36'),
	(38,1,'','2013-01-08 13:30:36','2013-01-08 13:30:36'),
	(39,2,'','2013-01-08 13:34:25','2013-01-08 13:34:25'),
	(40,2,'','2013-01-08 13:37:07','2013-01-08 13:37:07'),
	(41,1,'','2013-01-08 13:43:10','2013-01-08 13:43:10'),
	(42,1,'','2013-01-08 13:44:20','2013-01-08 13:44:20'),
	(43,1,'','2013-01-08 13:47:55','2013-01-08 13:47:55'),
	(44,1,'','2013-01-08 13:49:36','2013-01-08 13:49:36'),
	(45,1,'','2013-01-08 13:52:11','2013-01-08 13:52:11'),
	(46,1,'','2013-01-08 13:54:33','2013-01-08 13:54:33'),
	(47,1,'','2013-01-09 10:24:35','2013-01-09 10:24:35'),
	(48,1,'','2013-01-09 11:11:29','2013-01-09 11:11:29'),
	(49,1,'','2013-01-09 13:24:13','2013-01-09 13:24:13'),
	(50,1,'','2013-01-09 13:24:18','2013-01-09 13:24:18'),
	(51,1,'','2013-01-09 13:24:26','2013-01-09 13:24:26'),
	(52,1,'','2013-01-09 13:24:31','2013-01-09 13:24:31'),
	(53,1,'','2013-01-09 13:24:37','2013-01-09 13:24:37'),
	(54,1,'','2013-01-09 13:29:21','2013-01-09 13:29:21'),
	(55,1,'','2013-01-09 13:32:03','2013-01-09 13:32:03'),
	(56,1,'','2013-01-09 13:35:12','2013-01-09 13:35:12'),
	(57,1,'','2013-01-09 15:45:56','2013-01-09 15:45:56'),
	(58,1,'','2013-01-09 15:46:02','2013-01-09 15:46:02'),
	(59,1,'','2013-01-10 13:21:57','2013-01-10 13:21:57'),
	(60,1,'','2013-01-10 13:27:45','2013-01-10 13:27:45'),
	(61,1,'','2013-01-10 13:29:49','2013-01-10 13:29:49'),
	(62,1,'','2013-01-10 13:31:41','2013-01-10 13:31:41'),
	(63,1,'','2013-01-10 17:06:34','2013-01-10 17:06:34'),
	(64,1,'','2013-01-10 17:11:02','2013-01-10 17:11:02'),
	(65,1,'','2013-01-10 17:14:35','2013-01-10 17:14:35'),
	(66,1,'','2013-01-11 12:25:07','2013-01-11 12:25:07'),
	(67,1,'','2013-01-11 12:25:17','2013-01-11 12:25:17'),
	(68,1,'','2013-01-11 12:28:10','2013-01-11 12:28:10'),
	(69,1,'','2013-01-11 12:31:39','2013-01-11 12:31:39'),
	(70,1,'','2013-01-11 12:34:43','2013-01-11 12:34:43'),
	(71,1,'','2013-01-11 14:00:24','2013-01-11 14:00:24'),
	(72,1,'','2013-01-11 14:00:29','2013-01-11 14:00:29'),
	(73,1,'','2013-01-11 14:00:33','2013-01-11 14:00:33'),
	(74,1,'','2013-01-11 14:00:38','2013-01-11 14:00:38'),
	(75,1,'','2013-01-11 14:00:44','2013-01-11 14:00:44'),
	(76,1,'from 2 days ago','2013-01-11 14:00:54','2013-01-11 14:00:54'),
	(77,1,'','2013-01-15 11:35:48','2013-01-15 11:35:48'),
	(78,1,'','2013-01-15 11:35:59','2013-01-15 11:35:59'),
	(79,1,'','2013-01-15 12:21:04','2013-01-15 12:21:04'),
	(80,1,'','2013-01-15 12:26:08','2013-01-15 12:26:08'),
	(81,1,'','2013-01-15 12:28:26','2013-01-15 12:28:26'),
	(82,1,'','2013-01-15 12:30:36','2013-01-15 12:30:36'),
	(83,1,'','2013-01-15 12:34:42','2013-01-15 12:34:42'),
	(84,1,'','2013-01-15 12:37:50','2013-01-15 12:37:50'),
	(85,1,'','2013-01-15 12:40:52','2013-01-15 12:40:52'),
	(86,1,'','2013-01-15 12:44:43','2013-01-15 12:44:43'),
	(87,1,'','2013-01-15 12:46:51','2013-01-15 12:46:51'),
	(88,1,'','2013-01-15 12:49:45','2013-01-15 12:49:45'),
	(89,1,'','2013-01-15 15:47:39','2013-01-15 15:47:39'),
	(90,1,'','2013-01-15 15:50:10','2013-01-15 15:50:10'),
	(91,1,'','2013-01-15 15:54:09','2013-01-15 15:54:09'),
	(92,1,'','2013-01-15 15:56:30','2013-01-15 15:56:30'),
	(93,1,'','2013-01-15 15:59:12','2013-01-15 15:59:12'),
	(94,1,'','2013-01-16 09:41:15','2013-01-16 09:41:15'),
	(95,1,'','2013-01-16 11:46:46','2013-01-16 11:46:46'),
	(96,1,'','2013-01-16 11:46:52','2013-01-16 11:46:52'),
	(97,1,'','2013-01-16 12:31:23','2013-01-16 12:31:23'),
	(98,1,'','2013-01-16 12:33:24','2013-01-16 12:33:24'),
	(99,1,'','2013-01-16 12:35:43','2013-01-16 12:35:43'),
	(100,1,'','2013-01-16 12:38:28','2013-01-16 12:38:28'),
	(101,1,'','2013-01-16 12:40:54','2013-01-16 12:40:54'),
	(102,1,'','2013-01-16 12:43:13','2013-01-16 12:43:13'),
	(103,1,'','2013-01-16 12:45:09','2013-01-16 12:45:09'),
	(104,1,'','2013-01-16 12:47:41','2013-01-16 12:47:41'),
	(105,1,'','2013-01-16 12:50:54','2013-01-16 12:50:54'),
	(106,1,'','2013-01-16 12:53:35','2013-01-16 12:53:35'),
	(107,1,'','2013-01-16 12:55:24','2013-01-16 12:55:24'),
	(108,1,'','2013-01-16 12:58:32','2013-01-16 12:58:32'),
	(109,1,'','2013-01-16 13:00:43','2013-01-16 13:00:43'),
	(110,1,'','2013-01-16 13:04:33','2013-01-16 13:04:33'),
	(111,1,'','2013-01-16 13:07:05','2013-01-16 13:07:05'),
	(112,1,'','2013-01-16 13:07:28','2013-01-16 13:07:28'),
	(113,1,'','2013-01-16 13:09:28','2013-01-16 13:09:28'),
	(114,1,'','2013-01-16 13:12:05','2013-01-16 13:12:05'),
	(115,1,'','2013-01-16 13:14:29','2013-01-16 13:14:29'),
	(116,1,'','2013-01-16 13:16:39','2013-01-16 13:16:39'),
	(117,1,'','2013-01-16 13:19:14','2013-01-16 13:19:14'),
	(118,1,'','2013-01-16 13:23:01','2013-01-16 13:23:01'),
	(119,1,'','2013-01-16 13:27:20','2013-01-16 13:27:20'),
	(120,1,'','2013-01-16 13:31:29','2013-01-16 13:31:29'),
	(121,1,'','2013-01-16 13:35:20','2013-01-16 13:35:20'),
	(122,1,'','2013-01-16 13:38:09','2013-01-16 13:38:09'),
	(123,1,'','2013-01-16 14:47:00','2013-01-16 14:47:00'),
	(124,1,'','2013-01-16 14:47:06','2013-01-16 14:47:06'),
	(125,1,'','2013-01-16 15:09:15','2013-01-16 15:09:15'),
	(126,1,'','2013-01-17 09:17:45','2013-01-17 09:17:45'),
	(127,1,'','2013-01-17 12:28:08','2013-01-17 12:28:08'),
	(128,1,'','2013-01-17 12:30:46','2013-01-17 12:30:46'),
	(129,1,'','2013-01-17 12:30:58','2013-01-17 12:30:58'),
	(130,1,'\\o/','2013-01-17 12:44:21','2013-01-17 12:44:21'),
	(131,1,'\\o/','2013-01-17 12:48:04','2013-01-17 12:48:04'),
	(132,1,'\\o/','2013-01-17 13:02:08','2013-01-17 13:02:08'),
	(133,1,'\\o/','2013-01-17 13:04:58','2013-01-17 13:04:58'),
	(134,1,'\\o/','2013-01-17 13:08:41','2013-01-17 13:08:41'),
	(135,1,'\\o/','2013-01-17 13:11:16','2013-01-17 13:11:16'),
	(136,1,'','2013-01-17 13:14:14','2013-01-17 13:14:14'),
	(137,1,'','2013-01-17 13:16:29','2013-01-17 13:16:29'),
	(138,1,'','2013-01-17 13:19:56','2013-01-17 13:19:56'),
	(139,1,'','2013-01-17 13:27:14','2013-01-17 13:27:14'),
	(140,1,'','2013-01-17 13:29:13','2013-01-17 13:29:13'),
	(141,1,'','2013-01-17 13:31:45','2013-01-17 13:31:45'),
	(142,1,'','2013-01-17 13:34:40','2013-01-17 13:34:40'),
	(143,1,'','2013-01-17 14:24:38','2013-01-17 14:24:38'),
	(144,1,'','2013-01-17 14:24:44','2013-01-17 14:24:44'),
	(145,1,'','2013-01-17 14:24:49','2013-01-17 14:24:49'),
	(146,1,'','2013-01-17 17:06:33','2013-01-17 17:06:33'),
	(147,1,'','2013-01-21 11:53:15','2013-01-21 11:53:15'),
	(148,1,'','2013-01-21 13:04:24','2013-01-21 13:04:24'),
	(149,1,'','2013-01-21 13:06:50','2013-01-21 13:06:50'),
	(150,1,'','2013-01-21 13:07:02','2013-01-21 13:07:02'),
	(151,1,'','2013-01-21 13:10:19','2013-01-21 13:10:19'),
	(152,1,'','2013-01-21 13:12:42','2013-01-21 13:12:42'),
	(153,1,'','2013-01-21 13:14:51','2013-01-21 13:14:51'),
	(154,1,'','2013-01-21 13:16:38','2013-01-21 13:16:38'),
	(155,1,'','2013-01-21 13:19:59','2013-01-21 13:19:59'),
	(156,1,'','2013-01-21 13:22:08','2013-01-21 13:22:08'),
	(157,1,'','2013-01-21 13:28:35','2013-01-21 13:28:35'),
	(158,1,'','2013-01-21 13:28:52','2013-01-21 13:28:52'),
	(159,1,'','2013-01-21 13:32:08','2013-01-21 13:32:08'),
	(160,1,'','2013-01-22 12:36:40','2013-01-22 12:36:40'),
	(161,1,'','2013-01-22 12:38:26','2013-01-22 12:38:26'),
	(162,1,'','2013-01-22 12:41:56','2013-01-22 12:41:56'),
	(163,1,'','2013-01-22 12:44:54','2013-01-22 12:44:54'),
	(164,1,'','2013-01-22 12:47:40','2013-01-22 12:47:40'),
	(165,1,'','2013-01-22 12:50:16','2013-01-22 12:50:16'),
	(166,1,'','2013-01-22 12:53:16','2013-01-22 12:53:16'),
	(167,1,'','2013-01-22 12:56:09','2013-01-22 12:56:09'),
	(168,1,'','2013-01-22 12:58:53','2013-01-22 12:58:53'),
	(169,1,'','2013-01-22 13:01:06','2013-01-22 13:01:06'),
	(170,1,'','2013-01-22 13:04:18','2013-01-22 13:04:18'),
	(171,1,'','2013-01-22 13:07:06','2013-01-22 13:07:06'),
	(172,1,'','2013-01-22 13:10:18','2013-01-22 13:10:18'),
	(173,1,'','2013-01-22 13:13:25','2013-01-22 13:13:25'),
	(174,1,'','2013-01-22 13:16:08','2013-01-22 13:16:08'),
	(175,1,'','2013-01-22 13:18:51','2013-01-22 13:18:51'),
	(176,1,'','2013-01-22 13:20:41','2013-01-22 13:20:41'),
	(177,1,'','2013-01-22 13:23:46','2013-01-22 13:23:46'),
	(178,1,'','2013-01-22 16:53:26','2013-01-22 16:53:26'),
	(179,1,'','2013-01-22 16:56:26','2013-01-22 16:56:26'),
	(180,1,'','2013-01-22 17:00:32','2013-01-22 17:00:32'),
	(181,1,'','2013-01-22 17:03:16','2013-01-22 17:03:16'),
	(182,1,'','2013-01-22 17:05:04','2013-01-22 17:05:04'),
	(183,1,'','2013-01-22 17:07:24','2013-01-22 17:07:24'),
	(184,1,'','2013-01-22 17:10:02','2013-01-22 17:10:02'),
	(185,1,'','2013-01-22 17:11:52','2013-01-22 17:11:52'),
	(186,1,'','2013-01-22 17:14:28','2013-01-22 17:14:28'),
	(187,1,'','2013-01-22 17:17:01','2013-01-22 17:17:01'),
	(188,1,'','2013-01-22 17:19:14','2013-01-22 17:19:14'),
	(189,1,'','2013-01-22 17:21:21','2013-01-22 17:21:21'),
	(190,1,'','2013-01-22 17:25:02','2013-01-22 17:25:02'),
	(191,1,'','2013-01-22 17:29:33','2013-01-22 17:29:33'),
	(192,1,'','2013-01-23 11:07:49','2013-01-23 11:07:49'),
	(193,1,'','2013-01-23 11:07:55','2013-01-23 11:07:55'),
	(194,1,'','2013-01-23 12:35:35','2013-01-23 12:35:35'),
	(195,1,'','2013-01-23 12:36:02','2013-01-23 12:36:02'),
	(196,1,'','2013-01-23 12:38:43','2013-01-23 12:38:43'),
	(197,1,'','2013-01-23 12:43:44','2013-01-23 12:43:44'),
	(198,1,'','2013-01-23 12:43:49','2013-01-23 12:43:49'),
	(199,1,'','2013-01-23 12:46:40','2013-01-23 12:46:40'),
	(200,1,'','2013-01-23 12:51:09','2013-01-23 12:51:09'),
	(201,1,'','2013-01-23 12:54:22','2013-01-23 12:54:22'),
	(202,1,'','2013-01-23 12:57:06','2013-01-23 12:57:06'),
	(203,1,'','2013-01-23 12:59:14','2013-01-23 12:59:14'),
	(204,1,'','2013-01-23 13:02:00','2013-01-23 13:02:00'),
	(205,1,'','2013-01-23 13:04:55','2013-01-23 13:04:55'),
	(206,1,'','2013-01-23 13:07:37','2013-01-23 13:07:37'),
	(207,1,'','2013-01-23 13:10:06','2013-01-23 13:10:06'),
	(208,1,'','2013-01-23 13:12:06','2013-01-23 13:12:06'),
	(209,1,'','2013-01-23 13:14:44','2013-01-23 13:14:44'),
	(210,1,'','2013-01-23 13:17:07','2013-01-23 13:17:07'),
	(211,1,'','2013-01-23 13:20:15','2013-01-23 13:20:15'),
	(212,1,'','2013-01-23 13:23:38','2013-01-23 13:23:38'),
	(213,1,'','2013-01-23 13:26:12','2013-01-23 13:26:12'),
	(214,1,'','2013-01-23 13:28:33','2013-01-23 13:28:33'),
	(215,1,'','2013-01-23 15:16:12','2013-01-23 15:16:12'),
	(216,1,'','2013-01-23 15:16:17','2013-01-23 15:16:17'),
	(217,2,'','2013-01-23 15:19:37','2013-01-23 15:19:37'),
	(218,1,'','2013-01-24 10:04:11','2013-01-24 10:04:11'),
	(219,1,'','2013-01-24 10:05:08','2013-01-24 10:05:08'),
	(220,1,'','2013-01-24 11:34:07','2013-01-24 11:34:07'),
	(221,1,'','2013-01-24 11:34:11','2013-01-24 11:34:11'),
	(222,1,'','2013-01-24 11:34:14','2013-01-24 11:34:14'),
	(223,1,'','2013-01-24 11:34:18','2013-01-24 11:34:18'),
	(224,1,'','2013-01-24 11:35:03','2013-01-24 11:35:03'),
	(225,2,'','2013-01-24 11:44:45','2013-01-24 11:44:45'),
	(226,1,'','2013-01-24 11:47:09','2013-01-24 11:47:09'),
	(227,1,'','2013-01-24 11:47:16','2013-01-24 11:47:16'),
	(228,1,'','2013-01-24 12:24:32','2013-01-24 12:24:32'),
	(229,1,'','2013-01-24 12:27:39','2013-01-24 12:27:39'),
	(230,1,'','2013-01-24 12:33:41','2013-01-24 12:33:41'),
	(231,1,'','2013-01-24 12:33:45','2013-01-24 12:33:45'),
	(232,1,'','2013-01-24 12:36:28','2013-01-24 12:36:28'),
	(233,1,'','2013-01-24 12:39:45','2013-01-24 12:39:45'),
	(234,1,'','2013-01-24 12:44:03','2013-01-24 12:44:03'),
	(235,1,'','2013-01-24 12:47:10','2013-01-24 12:47:10'),
	(236,1,'','2013-01-24 12:50:29','2013-01-24 12:50:29'),
	(237,1,'','2013-01-24 12:54:51','2013-01-24 12:54:51'),
	(238,1,'','2013-01-24 12:58:20','2013-01-24 12:58:20'),
	(239,1,'','2013-01-24 12:59:56','2013-01-24 12:59:56'),
	(240,1,'','2013-01-24 13:01:02','2013-01-24 13:01:02'),
	(241,1,'','2013-01-24 13:05:34','2013-01-24 13:05:34'),
	(242,1,'','2013-01-24 13:07:26','2013-01-24 13:07:26'),
	(243,1,'','2013-01-24 13:09:44','2013-01-24 13:09:44'),
	(244,1,'','2013-01-24 13:12:43','2013-01-24 13:12:43'),
	(245,1,'','2013-01-24 13:15:06','2013-01-24 13:15:06'),
	(246,1,'','2013-01-24 13:19:27','2013-01-24 13:19:27'),
	(247,1,'','2013-01-24 13:21:53','2013-01-24 13:21:53'),
	(248,1,'','2013-01-24 13:25:52','2013-01-24 13:25:52'),
	(249,1,'','2013-01-24 13:29:53','2013-01-24 13:29:53'),
	(250,1,'','2013-01-24 13:33:29','2013-01-24 13:33:29'),
	(251,1,'','2013-01-24 13:36:54','2013-01-24 13:36:54'),
	(252,1,'','2013-01-24 13:39:14','2013-01-24 13:39:14'),
	(253,1,'','2013-01-24 13:41:46','2013-01-24 13:41:46'),
	(254,1,'','2013-01-24 14:42:28','2013-01-24 14:42:28'),
	(255,1,'','2013-01-24 14:42:33','2013-01-24 14:42:33'),
	(256,1,'','2013-01-24 14:42:37','2013-01-24 14:42:37'),
	(257,1,'','2013-01-24 15:04:17','2013-01-24 15:04:17'),
	(258,1,'','2013-01-24 15:04:21','2013-01-24 15:04:21'),
	(259,1,'','2013-01-24 15:06:41','2013-01-24 15:06:41'),
	(260,1,'','2013-01-24 15:31:36','2013-01-24 15:31:36'),
	(261,1,'','2013-01-24 15:31:42','2013-01-24 15:31:42'),
	(262,1,'','2013-01-24 15:34:24','2013-01-24 15:34:24'),
	(263,1,'','2013-01-24 15:37:06','2013-01-24 15:37:06'),
	(264,1,'','2013-01-24 17:07:07','2013-01-24 17:07:07'),
	(265,1,'','2013-01-24 17:11:26','2013-01-24 17:11:26'),
	(266,1,'','2013-01-24 17:14:33','2013-01-24 17:14:33'),
	(267,1,'','2013-01-24 17:17:56','2013-01-24 17:17:56'),
	(268,1,'','2013-01-24 17:22:49','2013-01-24 17:22:49'),
	(269,1,'','2013-01-24 17:27:42','2013-01-24 17:27:42'),
	(270,1,'','2013-01-25 09:14:07','2013-01-25 09:14:07'),
	(271,1,'','2013-01-25 10:41:21','2013-01-25 10:41:21'),
	(272,1,'','2013-01-25 10:41:25','2013-01-25 10:41:25'),
	(273,1,'','2013-01-25 10:41:29','2013-01-25 10:41:29'),
	(274,1,'','2013-01-25 12:04:39','2013-01-25 12:04:39'),
	(275,1,'','2013-01-25 12:05:00','2013-01-25 12:05:00'),
	(276,1,'','2013-01-25 12:05:13','2013-01-25 12:05:13'),
	(277,2,'','2013-01-25 12:35:24','2013-01-25 12:35:24'),
	(278,1,'','2013-01-25 12:58:44','2013-01-25 12:58:44'),
	(279,1,'','2013-01-25 13:05:59','2013-01-25 13:05:59'),
	(280,1,'','2013-01-25 13:06:08','2013-01-25 13:06:08'),
	(281,1,'','2013-01-25 13:11:51','2013-01-25 13:11:51'),
	(282,1,'','2013-01-25 13:17:20','2013-01-25 13:17:20'),
	(283,1,'','2013-01-25 13:20:53','2013-01-25 13:20:53'),
	(284,1,'','2013-01-25 13:45:59','2013-01-25 13:45:59'),
	(285,1,'','2013-01-25 13:49:22','2013-01-25 13:49:22'),
	(286,1,'','2013-01-25 13:51:39','2013-01-25 13:51:39'),
	(287,1,'','2013-01-25 13:54:35','2013-01-25 13:54:35'),
	(288,1,'','2013-01-25 14:48:57','2013-01-25 14:48:57'),
	(289,1,'','2013-01-25 14:49:01','2013-01-25 14:49:01'),
	(290,1,'','2013-01-25 14:49:03','2013-01-25 14:49:03'),
	(291,1,'','2013-01-25 16:41:20','2013-01-25 16:41:20'),
	(292,1,'','2013-01-25 16:45:32','2013-01-25 16:45:32'),
	(293,1,'','2013-01-25 16:45:40','2013-01-25 16:45:40'),
	(294,1,'','2013-01-25 16:48:33','2013-01-25 16:48:33'),
	(295,1,'','2013-01-25 17:00:21','2013-01-25 17:00:21'),
	(296,1,'','2013-01-28 12:45:25','2013-01-28 12:45:25'),
	(297,1,'','2013-01-28 12:45:31','2013-01-28 12:45:31'),
	(298,1,'','2013-01-28 12:52:12','2013-01-28 12:52:12'),
	(299,1,'','2013-01-28 12:54:42','2013-01-28 12:54:42'),
	(300,1,'','2013-01-28 12:57:22','2013-01-28 12:57:22'),
	(301,1,'','2013-01-28 12:59:45','2013-01-28 12:59:45'),
	(302,1,'','2013-01-28 13:03:16','2013-01-28 13:03:16'),
	(303,1,'','2013-01-28 13:06:07','2013-01-28 13:06:07'),
	(304,1,'','2013-01-28 13:08:58','2013-01-28 13:08:58'),
	(305,1,'','2013-01-28 13:12:21','2013-01-28 13:12:21'),
	(306,1,'','2013-01-28 13:14:29','2013-01-28 13:14:29'),
	(307,1,'','2013-01-28 13:16:37','2013-01-28 13:16:37'),
	(308,1,'','2013-01-28 13:19:12','2013-01-28 13:19:12'),
	(309,1,'','2013-01-28 13:21:55','2013-01-28 13:21:55'),
	(310,1,'','2013-01-28 13:30:02','2013-01-28 13:30:02'),
	(311,1,'','2013-01-28 13:32:11','2013-01-28 13:32:11'),
	(312,1,'','2013-01-28 13:35:25','2013-01-28 13:35:25'),
	(313,1,'','2013-01-28 13:37:58','2013-01-28 13:37:58'),
	(314,1,'','2013-01-28 13:40:59','2013-01-28 13:40:59'),
	(315,1,'','2013-01-28 13:43:57','2013-01-28 13:43:57'),
	(316,1,'','2013-01-28 13:46:51','2013-01-28 13:46:51'),
	(317,1,'','2013-01-28 14:39:21','2013-01-28 14:39:21'),
	(318,1,'','2013-01-28 14:41:42','2013-01-28 14:41:42'),
	(319,1,'','2013-01-28 14:53:42','2013-01-28 14:53:42'),
	(320,1,'Matt is Gay ','2013-01-28 17:25:09','2013-01-28 17:25:09'),
	(321,1,'','2013-01-29 13:12:48','2013-01-29 13:12:48'),
	(322,1,'','2013-01-29 13:14:55','2013-01-29 13:14:55'),
	(323,1,'','2013-01-29 13:18:39','2013-01-29 13:18:39'),
	(324,1,'','2013-01-29 13:20:48','2013-01-29 13:20:48'),
	(325,1,'','2013-01-29 13:23:22','2013-01-29 13:23:22'),
	(326,1,'','2013-01-29 13:26:17','2013-01-29 13:26:17'),
	(327,1,'','2013-01-29 13:29:39','2013-01-29 13:29:39'),
	(328,1,'','2013-01-29 13:32:15','2013-01-29 13:32:15'),
	(329,1,'','2013-01-29 13:34:23','2013-01-29 13:34:23'),
	(330,1,'','2013-01-29 13:36:46','2013-01-29 13:36:46'),
	(331,1,'','2013-01-29 13:39:57','2013-01-29 13:39:57'),
	(332,1,'','2013-01-29 13:43:15','2013-01-29 13:43:15'),
	(333,1,'','2013-01-29 13:49:59','2013-01-29 13:49:59'),
	(334,1,'','2013-01-29 13:50:03','2013-01-29 13:50:03'),
	(335,1,'','2013-01-29 14:13:54','2013-01-29 14:13:54'),
	(336,1,'','2013-01-29 14:23:57','2013-01-29 14:23:57'),
	(337,1,'','2013-01-29 14:24:07','2013-01-29 14:24:07'),
	(338,1,'','2013-01-29 14:24:16','2013-01-29 14:24:16'),
	(339,1,'','2013-01-29 17:33:27','2013-01-29 17:33:27'),
	(340,1,'','2013-01-30 12:57:32','2013-01-30 12:57:32'),
	(341,1,'','2013-01-30 13:00:47','2013-01-30 13:00:47'),
	(342,1,'','2013-01-30 13:03:46','2013-01-30 13:03:46'),
	(343,2,'','2013-01-30 13:11:41','2013-01-30 13:11:41'),
	(344,1,'','2013-01-30 13:16:57','2013-01-30 13:16:57'),
	(345,1,'','2013-01-30 13:20:02','2013-01-30 13:20:02'),
	(346,1,'','2013-01-30 13:22:53','2013-01-30 13:22:53'),
	(347,1,'','2013-01-30 13:25:08','2013-01-30 13:25:08'),
	(348,1,'','2013-01-30 13:27:41','2013-01-30 13:27:41'),
	(349,1,'','2013-01-30 13:29:51','2013-01-30 13:29:51'),
	(350,1,'','2013-01-30 13:32:18','2013-01-30 13:32:18'),
	(351,1,'','2013-01-30 14:14:49','2013-01-30 14:14:49'),
	(352,1,'','2013-01-30 14:14:55','2013-01-30 14:14:55'),
	(353,1,'','2013-01-30 16:12:13','2013-01-30 16:12:13'),
	(354,1,'','2013-01-30 16:12:20','2013-01-30 16:12:20'),
	(355,1,'','2013-01-30 16:12:34','2013-01-30 16:12:34'),
	(356,1,'','2013-01-31 12:40:51','2013-01-31 12:40:51'),
	(357,1,'','2013-01-31 12:40:55','2013-01-31 12:40:55'),
	(358,1,'','2013-01-31 12:43:32','2013-01-31 12:43:32'),
	(359,1,'','2013-01-31 12:47:04','2013-01-31 12:47:04'),
	(360,1,'','2013-01-31 12:50:06','2013-01-31 12:50:06'),
	(361,1,'','2013-01-31 12:54:18','2013-01-31 12:54:18'),
	(362,1,'','2013-01-31 12:56:56','2013-01-31 12:56:56'),
	(363,1,'','2013-01-31 12:58:59','2013-01-31 12:58:59'),
	(364,1,'','2013-01-31 13:01:21','2013-01-31 13:01:21'),
	(365,1,'','2013-01-31 13:04:20','2013-01-31 13:04:20'),
	(366,1,'','2013-01-31 13:07:30','2013-01-31 13:07:30'),
	(367,1,'','2013-01-31 13:10:24','2013-01-31 13:10:24'),
	(368,1,'','2013-01-31 13:12:50','2013-01-31 13:12:50'),
	(369,1,'','2013-01-31 13:16:43','2013-01-31 13:16:43'),
	(370,1,'','2013-01-31 13:21:19','2013-01-31 13:21:19'),
	(371,1,'','2013-01-31 13:25:23','2013-01-31 13:25:23'),
	(372,2,'','2013-01-31 13:29:14','2013-01-31 13:29:14'),
	(373,2,'','2013-01-31 13:32:26','2013-01-31 13:32:26'),
	(374,2,'','2013-01-31 13:35:44','2013-01-31 13:35:44'),
	(375,2,'','2013-01-31 13:40:53','2013-01-31 13:40:53'),
	(376,2,'','2013-01-31 13:44:09','2013-01-31 13:44:09'),
	(377,2,'','2013-01-31 13:48:08','2013-01-31 13:48:08'),
	(378,1,'','2013-01-31 13:51:50','2013-01-31 13:51:50'),
	(379,1,'','2013-01-31 15:44:32','2013-01-31 15:44:32'),
	(380,1,'','2013-01-31 15:48:10','2013-01-31 15:48:10'),
	(381,1,'','2013-01-31 15:51:20','2013-01-31 15:51:20'),
	(382,1,'','2013-01-31 15:54:44','2013-01-31 15:54:44'),
	(383,1,'','2013-01-31 15:59:29','2013-01-31 15:59:29'),
	(384,1,'','2013-02-01 10:33:20','2013-02-01 10:33:20'),
	(385,1,'','2013-02-01 13:00:00','2013-02-01 13:00:00'),
	(386,1,'','2013-02-01 13:02:44','2013-02-01 13:02:44'),
	(387,1,'','2013-02-01 13:05:13','2013-02-01 13:05:13'),
	(388,1,'','2013-02-01 13:08:02','2013-02-01 13:08:02'),
	(389,1,'','2013-02-01 13:11:24','2013-02-01 13:11:24'),
	(390,1,'','2013-02-01 13:13:57','2013-02-01 13:13:57'),
	(391,1,'','2013-02-01 13:16:38','2013-02-01 13:16:38'),
	(392,1,'','2013-02-01 13:18:40','2013-02-01 13:18:40'),
	(393,1,'','2013-02-01 13:24:32','2013-02-01 13:24:32'),
	(394,1,'','2013-02-01 13:24:41','2013-02-01 13:24:41'),
	(395,1,'','2013-02-01 13:27:29','2013-02-01 13:27:29'),
	(396,1,'','2013-02-01 13:29:45','2013-02-01 13:29:45'),
	(397,1,'','2013-02-01 13:32:16','2013-02-01 13:32:16'),
	(398,1,'','2013-02-01 13:37:16','2013-02-01 13:37:16'),
	(399,1,'','2013-02-01 14:32:15','2013-02-01 14:32:15'),
	(400,1,'','2013-02-01 14:32:20','2013-02-01 14:32:20'),
	(401,1,'','2013-02-01 14:52:48','2013-02-01 14:52:48'),
	(402,1,'','2013-02-01 16:37:21','2013-02-01 16:37:21'),
	(403,1,'','2013-02-01 16:37:27','2013-02-01 16:37:27'),
	(404,1,'','2013-02-04 12:04:54','2013-02-04 12:04:54'),
	(405,1,'','2013-02-04 12:04:59','2013-02-04 12:04:59'),
	(406,1,'','2013-02-04 12:05:08','2013-02-04 12:05:08'),
	(407,1,'','2013-02-04 12:45:07','2013-02-04 12:45:07'),
	(408,1,'','2013-02-04 12:45:21','2013-02-04 12:45:21'),
	(409,1,'','2013-02-04 12:48:14','2013-02-04 12:48:14'),
	(410,1,'','2013-02-04 12:51:13','2013-02-04 12:51:13'),
	(411,1,'','2013-02-04 12:53:29','2013-02-04 12:53:29'),
	(412,1,'','2013-02-04 13:00:53','2013-02-04 13:00:53'),
	(413,1,'','2013-02-04 13:03:58','2013-02-04 13:03:58'),
	(414,1,'','2013-02-04 13:06:02','2013-02-04 13:06:02'),
	(415,1,'','2013-02-04 13:08:24','2013-02-04 13:08:24'),
	(416,1,'','2013-02-04 13:10:16','2013-02-04 13:10:16'),
	(417,1,'','2013-02-04 13:21:27','2013-02-04 13:21:27'),
	(418,1,'','2013-02-04 13:21:34','2013-02-04 13:21:34'),
	(419,1,'','2013-02-04 13:21:38','2013-02-04 13:21:38'),
	(420,1,'','2013-02-04 13:23:57','2013-02-04 13:23:57'),
	(421,1,'','2013-02-04 13:27:39','2013-02-04 13:27:39'),
	(422,1,'','2013-02-04 13:31:07','2013-02-04 13:31:07'),
	(423,1,'','2013-02-04 13:33:55','2013-02-04 13:33:55'),
	(424,1,'','2013-02-04 13:35:56','2013-02-04 13:35:56'),
	(425,1,'','2013-02-04 13:38:51','2013-02-04 13:38:51'),
	(426,1,'','2013-02-04 13:41:40','2013-02-04 13:41:40'),
	(427,1,'','2013-02-04 13:44:16','2013-02-04 13:44:16'),
	(428,1,'','2013-02-04 13:46:14','2013-02-04 13:46:14');

/*!40000 ALTER TABLE `matches` ENABLE KEYS */;
UNLOCK TABLES;


# Dump of table matches_players
# ------------------------------------------------------------

DROP TABLE IF EXISTS `matches_players`;

CREATE TABLE `matches_players` (
  `id` int(11) unsigned NOT NULL AUTO_INCREMENT,
  `match_id` int(11) NOT NULL,
  `player_id` int(11) NOT NULL,
  `score` int(11) NOT NULL,
  `result` varchar(255) NOT NULL DEFAULT '',
  `created` datetime NOT NULL,
  `modified` datetime NOT NULL,
  PRIMARY KEY (`id`)
) ENGINE=InnoDB DEFAULT CHARSET=utf8;

LOCK TABLES `matches_players` WRITE;
/*!40000 ALTER TABLE `matches_players` DISABLE KEYS */;

INSERT INTO `matches_players` (`id`, `match_id`, `player_id`, `score`, `result`, `created`, `modified`)
VALUES
	(1,1,2,11,'Won','2013-01-04 16:33:09','2013-01-04 16:33:09'),
	(2,1,11,9,'Lost','2013-01-04 16:33:09','2013-01-04 16:33:09'),
	(3,1,8,11,'Won','2013-01-04 16:33:09','2013-01-04 16:33:09'),
	(4,1,1,9,'Lost','2013-01-04 16:33:09','2013-01-04 16:33:09'),
	(5,2,2,6,'Lost','2013-01-04 16:33:24','2013-01-04 16:33:24'),
	(6,2,11,11,'Won','2013-01-04 16:33:24','2013-01-04 16:33:24'),
	(7,2,8,6,'Lost','2013-01-04 16:33:24','2013-01-04 16:33:24'),
	(8,2,1,11,'Won','2013-01-04 16:33:24','2013-01-04 16:33:24'),
	(9,3,2,4,'Lost','2013-01-04 16:33:42','2013-01-04 16:33:42'),
	(10,3,11,11,'Won','2013-01-04 16:33:42','2013-01-04 16:33:42'),
	(11,3,8,4,'Lost','2013-01-04 16:33:42','2013-01-04 16:33:42'),
	(12,3,1,11,'Won','2013-01-04 16:33:42','2013-01-04 16:33:42'),
	(13,4,2,11,'Won','2013-01-04 16:33:59','2013-01-04 16:33:59'),
	(14,4,11,8,'Lost','2013-01-04 16:33:59','2013-01-04 16:33:59'),
	(15,4,8,11,'Won','2013-01-04 16:33:59','2013-01-04 16:33:59'),
	(16,4,1,8,'Lost','2013-01-04 16:33:59','2013-01-04 16:33:59'),
	(17,5,2,11,'Won','2013-01-04 16:34:14','2013-01-04 16:34:14'),
	(18,5,11,6,'Lost','2013-01-04 16:34:14','2013-01-04 16:34:14'),
	(19,5,8,11,'Won','2013-01-04 16:34:14','2013-01-04 16:34:14'),
	(20,5,1,6,'Lost','2013-01-04 16:34:14','2013-01-04 16:34:14'),
	(21,6,1,3,'Lost','2013-01-07 11:16:48','2013-01-07 11:16:48'),
	(22,6,11,11,'Won','2013-01-07 11:16:48','2013-01-07 11:16:48'),
	(23,6,8,3,'Lost','2013-01-07 11:16:48','2013-01-07 11:16:48'),
	(24,6,4,11,'Won','2013-01-07 11:16:48','2013-01-07 11:16:48'),
	(25,7,1,12,'Won','2013-01-07 11:17:31','2013-01-07 11:17:31'),
	(26,7,4,10,'Lost','2013-01-07 11:17:31','2013-01-07 11:17:31'),
	(27,7,8,12,'Won','2013-01-07 11:17:31','2013-01-07 11:17:31'),
	(28,7,11,10,'Lost','2013-01-07 11:17:31','2013-01-07 11:17:31'),
	(29,8,1,14,'Lost','2013-01-07 11:18:02','2013-01-07 11:18:02'),
	(30,8,4,16,'Won','2013-01-07 11:18:02','2013-01-07 11:18:02'),
	(31,8,8,14,'Lost','2013-01-07 11:18:02','2013-01-07 11:18:02'),
	(32,8,11,16,'Won','2013-01-07 11:18:02','2013-01-07 11:18:02'),
	(33,9,1,6,'Lost','2013-01-07 12:55:21','2013-01-07 12:55:21'),
	(34,9,4,11,'Won','2013-01-07 12:55:21','2013-01-07 12:55:21'),
	(35,10,1,5,'Lost','2013-01-07 13:00:57','2013-01-07 13:00:57'),
	(36,10,10,11,'Won','2013-01-07 13:00:57','2013-01-07 13:00:57'),
	(37,11,10,11,'Won','2013-01-07 13:04:28','2013-01-07 13:04:28'),
	(38,11,1,7,'Lost','2013-01-07 13:04:28','2013-01-07 13:04:28'),
	(39,12,10,11,'Won','2013-01-07 13:05:43','2013-01-07 13:05:43'),
	(40,12,4,8,'Lost','2013-01-07 13:05:43','2013-01-07 13:05:43'),
	(41,13,10,11,'Won','2013-01-07 13:09:47','2013-01-07 13:09:47'),
	(42,13,1,5,'Lost','2013-01-07 13:09:47','2013-01-07 13:09:47'),
	(43,14,1,10,'Lost','2013-01-07 13:12:23','2013-01-07 13:12:23'),
	(44,14,4,12,'Won','2013-01-07 13:12:23','2013-01-07 13:12:23'),
	(45,15,1,11,'Won','2013-01-07 13:14:42','2013-01-07 13:14:42'),
	(46,15,4,7,'Lost','2013-01-07 13:14:42','2013-01-07 13:14:42'),
	(47,16,10,11,'Won','2013-01-07 13:18:08','2013-01-07 13:18:08'),
	(48,16,4,2,'Lost','2013-01-07 13:18:08','2013-01-07 13:18:08'),
	(49,17,8,10,'Lost','2013-01-07 13:23:22','2013-01-07 13:23:22'),
	(50,17,1,12,'Won','2013-01-07 13:23:22','2013-01-07 13:23:22'),
	(51,18,11,11,'Won','2013-01-07 13:30:05','2013-01-07 13:30:05'),
	(52,18,1,8,'Lost','2013-01-07 13:30:05','2013-01-07 13:30:05'),
	(53,19,1,11,'Won','2013-01-07 13:35:25','2013-01-07 13:35:25'),
	(54,19,8,5,'Lost','2013-01-07 13:35:25','2013-01-07 13:35:25'),
	(55,20,11,11,'Won','2013-01-07 13:40:12','2013-01-07 13:40:12'),
	(56,20,8,9,'Lost','2013-01-07 13:40:12','2013-01-07 13:40:12'),
	(57,21,11,11,'Won','2013-01-07 13:40:27','2013-01-07 13:40:27'),
	(58,21,8,1,'Lost','2013-01-07 13:40:27','2013-01-07 13:40:27'),
	(71,28,10,11,'Won','2013-01-08 13:02:49','2013-01-08 13:02:49'),
	(72,28,16,5,'Lost','2013-01-08 13:02:49','2013-01-08 13:02:49'),
	(73,29,10,11,'Lost','2013-01-08 13:05:49','2013-01-08 13:05:49'),
	(74,29,16,13,'Won','2013-01-08 13:05:49','2013-01-08 13:05:49'),
	(75,30,4,6,'Lost','2013-01-08 13:08:39','2013-01-08 13:08:39'),
	(76,30,10,11,'Won','2013-01-08 13:08:39','2013-01-08 13:08:39'),
	(77,31,16,11,'Won','2013-01-08 13:10:54','2013-01-08 13:10:54'),
	(78,31,1,1,'Lost','2013-01-08 13:10:54','2013-01-08 13:10:54'),
	(79,32,2,7,'Lost','2013-01-08 13:14:35','2013-01-08 13:14:35'),
	(80,32,1,11,'Won','2013-01-08 13:14:35','2013-01-08 13:14:35'),
	(81,33,2,10,'Lost','2013-01-08 13:18:12','2013-01-08 13:18:12'),
	(82,33,1,12,'Won','2013-01-08 13:18:12','2013-01-08 13:18:12'),
	(83,34,2,2,'Lost','2013-01-08 13:20:28','2013-01-08 13:20:28'),
	(84,34,4,11,'Won','2013-01-08 13:20:28','2013-01-08 13:20:28'),
	(85,35,2,4,'Lost','2013-01-08 13:22:24','2013-01-08 13:22:24'),
	(86,35,10,11,'Won','2013-01-08 13:22:24','2013-01-08 13:22:24'),
	(87,36,4,7,'Lost','2013-01-08 13:25:09','2013-01-08 13:25:09'),
	(88,36,10,11,'Won','2013-01-08 13:25:09','2013-01-08 13:25:09'),
	(89,37,10,11,'Won','2013-01-08 13:27:36','2013-01-08 13:27:36'),
	(90,37,1,5,'Lost','2013-01-08 13:27:36','2013-01-08 13:27:36'),
	(91,38,4,11,'Won','2013-01-08 13:30:36','2013-01-08 13:30:36'),
	(92,38,1,7,'Lost','2013-01-08 13:30:36','2013-01-08 13:30:36'),
	(93,39,4,11,'Won','2013-01-08 13:34:25','2013-01-08 13:34:25'),
	(94,39,1,9,'Lost','2013-01-08 13:34:25','2013-01-08 13:34:25'),
	(95,39,10,11,'Won','2013-01-08 13:34:25','2013-01-08 13:34:25'),
	(96,39,12,9,'Lost','2013-01-08 13:34:25','2013-01-08 13:34:25'),
	(97,40,4,11,'Won','2013-01-08 13:37:07','2013-01-08 13:37:07'),
	(98,40,1,7,'Lost','2013-01-08 13:37:07','2013-01-08 13:37:07'),
	(99,40,10,11,'Won','2013-01-08 13:37:07','2013-01-08 13:37:07'),
	(100,40,12,7,'Lost','2013-01-08 13:37:07','2013-01-08 13:37:07'),
	(101,41,14,11,'Won','2013-01-08 13:43:10','2013-01-08 13:43:10'),
	(102,41,12,6,'Lost','2013-01-08 13:43:10','2013-01-08 13:43:10'),
	(103,42,14,11,'Lost','2013-01-08 13:44:20','2013-01-08 13:44:20'),
	(104,42,12,13,'Won','2013-01-08 13:44:20','2013-01-08 13:44:20'),
	(105,43,12,11,'Won','2013-01-08 13:47:55','2013-01-08 13:47:55'),
	(106,43,10,9,'Lost','2013-01-08 13:47:55','2013-01-08 13:47:55'),
	(107,44,10,3,'Lost','2013-01-08 13:49:36','2013-01-08 13:49:36'),
	(108,44,12,11,'Won','2013-01-08 13:49:36','2013-01-08 13:49:36'),
	(109,45,14,9,'Lost','2013-01-08 13:52:11','2013-01-08 13:52:11'),
	(110,45,12,11,'Won','2013-01-08 13:52:11','2013-01-08 13:52:11'),
	(111,46,10,11,'Won','2013-01-08 13:54:33','2013-01-08 13:54:33'),
	(112,46,12,6,'Lost','2013-01-08 13:54:33','2013-01-08 13:54:33'),
	(113,47,10,11,'Won','2013-01-09 10:24:35','2013-01-09 10:24:35'),
	(114,47,4,9,'Lost','2013-01-09 10:24:35','2013-01-09 10:24:35'),
	(115,48,10,11,'Won','2013-01-09 11:11:29','2013-01-09 11:11:29'),
	(116,48,4,8,'Lost','2013-01-09 11:11:29','2013-01-09 11:11:29'),
	(117,49,12,11,'Won','2013-01-09 13:24:13','2013-01-09 13:24:13'),
	(118,49,14,7,'Lost','2013-01-09 13:24:13','2013-01-09 13:24:13'),
	(119,50,12,5,'Lost','2013-01-09 13:24:18','2013-01-09 13:24:18'),
	(120,50,14,11,'Won','2013-01-09 13:24:18','2013-01-09 13:24:18'),
	(121,51,12,7,'Lost','2013-01-09 13:24:26','2013-01-09 13:24:26'),
	(122,51,14,11,'Won','2013-01-09 13:24:26','2013-01-09 13:24:26'),
	(123,52,12,10,'Lost','2013-01-09 13:24:31','2013-01-09 13:24:31'),
	(124,52,14,12,'Won','2013-01-09 13:24:31','2013-01-09 13:24:31'),
	(125,53,12,12,'Lost','2013-01-09 13:24:37','2013-01-09 13:24:37'),
	(126,53,14,14,'Won','2013-01-09 13:24:37','2013-01-09 13:24:37'),
	(127,54,12,13,'Won','2013-01-09 13:29:21','2013-01-09 13:29:21'),
	(128,54,1,11,'Lost','2013-01-09 13:29:21','2013-01-09 13:29:21'),
	(129,55,12,11,'Won','2013-01-09 13:32:03','2013-01-09 13:32:03'),
	(130,55,1,3,'Lost','2013-01-09 13:32:03','2013-01-09 13:32:03'),
	(131,56,12,11,'Won','2013-01-09 13:35:12','2013-01-09 13:35:12'),
	(132,56,1,7,'Lost','2013-01-09 13:35:12','2013-01-09 13:35:12'),
	(133,57,10,11,'Won','2013-01-09 15:45:56','2013-01-09 15:45:56'),
	(134,57,4,9,'Lost','2013-01-09 15:45:56','2013-01-09 15:45:56'),
	(135,58,10,11,'Won','2013-01-09 15:46:02','2013-01-09 15:46:02'),
	(136,58,4,4,'Lost','2013-01-09 15:46:02','2013-01-09 15:46:02'),
	(137,59,1,12,'Won','2013-01-10 13:21:57','2013-01-10 13:21:57'),
	(138,59,2,10,'Lost','2013-01-10 13:21:57','2013-01-10 13:21:57'),
	(139,60,1,14,'Lost','2013-01-10 13:27:45','2013-01-10 13:27:45'),
	(140,60,2,16,'Won','2013-01-10 13:27:45','2013-01-10 13:27:45'),
	(141,61,1,11,'Won','2013-01-10 13:29:49','2013-01-10 13:29:49'),
	(142,61,2,1,'Lost','2013-01-10 13:29:49','2013-01-10 13:29:49'),
	(143,62,1,11,'Won','2013-01-10 13:31:41','2013-01-10 13:31:41'),
	(144,62,2,2,'Lost','2013-01-10 13:31:41','2013-01-10 13:31:41'),
	(145,63,8,10,'Lost','2013-01-10 17:06:34','2013-01-10 17:06:34'),
	(146,63,1,12,'Won','2013-01-10 17:06:34','2013-01-10 17:06:34'),
	(147,64,8,11,'Won','2013-01-10 17:11:02','2013-01-10 17:11:02'),
	(148,64,1,8,'Lost','2013-01-10 17:11:02','2013-01-10 17:11:02'),
	(149,65,8,11,'Won','2013-01-10 17:14:35','2013-01-10 17:14:35'),
	(150,65,1,5,'Lost','2013-01-10 17:14:35','2013-01-10 17:14:35'),
	(151,66,8,16,'Won','2013-01-11 12:25:07','2013-01-11 12:25:07'),
	(152,66,11,14,'Lost','2013-01-11 12:25:07','2013-01-11 12:25:07'),
	(153,67,8,5,'Won','2013-01-11 12:25:17','2013-01-11 12:25:17'),
	(154,67,11,11,'Lost','2013-01-11 12:25:17','2013-01-11 12:25:17'),
	(155,68,8,8,'Lost','2013-01-11 12:28:10','2013-01-11 12:28:10'),
	(156,68,11,11,'Won','2013-01-11 12:28:10','2013-01-11 12:28:10'),
	(157,69,8,11,'Lost','2013-01-11 12:31:39','2013-01-11 12:31:39'),
	(158,69,11,13,'Won','2013-01-11 12:31:39','2013-01-11 12:31:39'),
	(159,70,8,6,'Lost','2013-01-11 12:34:43','2013-01-11 12:34:43'),
	(160,70,11,11,'Won','2013-01-11 12:34:43','2013-01-11 12:34:43'),
	(161,71,14,13,'Won','2013-01-11 14:00:24','2013-01-11 14:00:24'),
	(162,71,12,11,'Lost','2013-01-11 14:00:24','2013-01-11 14:00:24'),
	(163,72,14,11,'Won','2013-01-11 14:00:29','2013-01-11 14:00:29'),
	(164,72,12,7,'Lost','2013-01-11 14:00:29','2013-01-11 14:00:29'),
	(165,73,14,12,'Won','2013-01-11 14:00:33','2013-01-11 14:00:33'),
	(166,73,12,10,'Lost','2013-01-11 14:00:33','2013-01-11 14:00:33'),
	(167,74,14,7,'Lost','2013-01-11 14:00:38','2013-01-11 14:00:38'),
	(168,74,12,11,'Won','2013-01-11 14:00:38','2013-01-11 14:00:38'),
	(169,75,14,11,'Lost','2013-01-11 14:00:44','2013-01-11 14:00:44'),
	(170,75,12,13,'Won','2013-01-11 14:00:44','2013-01-11 14:00:44'),
	(171,76,14,11,'Won','2013-01-11 14:00:54','2013-01-11 14:00:54'),
	(172,76,4,9,'Lost','2013-01-11 14:00:54','2013-01-11 14:00:54'),
	(173,77,4,11,'Lost','2013-01-15 11:35:48','2013-01-15 11:35:48'),
	(174,77,10,13,'Won','2013-01-15 11:35:48','2013-01-15 11:35:48'),
	(175,78,4,9,'Lost','2013-01-15 11:35:59','2013-01-15 11:35:59'),
	(176,78,10,11,'Won','2013-01-15 11:35:59','2013-01-15 11:35:59'),
	(177,79,12,11,'Won','2013-01-15 12:21:04','2013-01-15 12:21:04'),
	(178,79,13,8,'Lost','2013-01-15 12:21:04','2013-01-15 12:21:04'),
	(179,80,12,17,'Won','2013-01-15 12:26:08','2013-01-15 12:26:08'),
	(180,80,13,15,'Lost','2013-01-15 12:26:08','2013-01-15 12:26:08'),
	(181,81,12,4,'Lost','2013-01-15 12:28:26','2013-01-15 12:28:26'),
	(182,81,13,11,'Won','2013-01-15 12:28:26','2013-01-15 12:28:26'),
	(183,82,12,11,'Won','2013-01-15 12:30:36','2013-01-15 12:30:36'),
	(184,82,13,2,'Lost','2013-01-15 12:30:36','2013-01-15 12:30:36'),
	(185,83,12,11,'Lost','2013-01-15 12:34:42','2013-01-15 12:34:42'),
	(186,83,13,13,'Won','2013-01-15 12:34:42','2013-01-15 12:34:42'),
	(187,84,12,11,'Won','2013-01-15 12:37:50','2013-01-15 12:37:50'),
	(188,84,13,8,'Lost','2013-01-15 12:37:50','2013-01-15 12:37:50'),
	(189,85,10,11,'Won','2013-01-15 12:40:52','2013-01-15 12:40:52'),
	(190,85,13,6,'Lost','2013-01-15 12:40:52','2013-01-15 12:40:52'),
	(191,86,12,11,'Won','2013-01-15 12:44:43','2013-01-15 12:44:43'),
	(192,86,13,9,'Lost','2013-01-15 12:44:43','2013-01-15 12:44:43'),
	(193,87,12,11,'Won','2013-01-15 12:46:51','2013-01-15 12:46:51'),
	(194,87,10,6,'Lost','2013-01-15 12:46:51','2013-01-15 12:46:51'),
	(195,88,12,11,'Won','2013-01-15 12:49:45','2013-01-15 12:49:45'),
	(196,88,10,9,'Lost','2013-01-15 12:49:45','2013-01-15 12:49:45'),
	(197,89,13,7,'Lost','2013-01-15 15:47:39','2013-01-15 15:47:39'),
	(198,89,4,11,'Won','2013-01-15 15:47:39','2013-01-15 15:47:39'),
	(199,90,13,11,'Won','2013-01-15 15:50:10','2013-01-15 15:50:10'),
	(200,90,4,4,'Lost','2013-01-15 15:50:10','2013-01-15 15:50:10'),
	(201,91,13,14,'Won','2013-01-15 15:54:09','2013-01-15 15:54:09'),
	(202,91,4,12,'Lost','2013-01-15 15:54:09','2013-01-15 15:54:09'),
	(203,92,13,11,'Won','2013-01-15 15:56:31','2013-01-15 15:56:31'),
	(204,92,4,4,'Lost','2013-01-15 15:56:31','2013-01-15 15:56:31'),
	(205,93,13,8,'Lost','2013-01-15 15:59:12','2013-01-15 15:59:12'),
	(206,93,4,11,'Won','2013-01-15 15:59:12','2013-01-15 15:59:12'),
	(207,94,10,11,'Won','2013-01-16 09:41:15','2013-01-16 09:41:15'),
	(208,94,4,8,'Lost','2013-01-16 09:41:15','2013-01-16 09:41:15'),
	(209,95,10,11,'Won','2013-01-16 11:46:46','2013-01-16 11:46:46'),
	(210,95,4,3,'Lost','2013-01-16 11:46:46','2013-01-16 11:46:46'),
	(211,96,10,14,'Won','2013-01-16 11:46:52','2013-01-16 11:46:52'),
	(212,96,4,12,'Lost','2013-01-16 11:46:52','2013-01-16 11:46:52'),
	(213,97,12,12,'Won','2013-01-16 12:31:23','2013-01-16 12:31:23'),
	(214,97,13,10,'Lost','2013-01-16 12:31:23','2013-01-16 12:31:23'),
	(215,98,12,11,'Won','2013-01-16 12:33:24','2013-01-16 12:33:24'),
	(216,98,13,3,'Lost','2013-01-16 12:33:24','2013-01-16 12:33:24'),
	(217,99,12,11,'Won','2013-01-16 12:35:43','2013-01-16 12:35:43'),
	(218,99,13,6,'Lost','2013-01-16 12:35:43','2013-01-16 12:35:43'),
	(219,100,10,11,'Won','2013-01-16 12:38:28','2013-01-16 12:38:28'),
	(220,100,13,3,'Lost','2013-01-16 12:38:28','2013-01-16 12:38:28'),
	(221,101,10,11,'Won','2013-01-16 12:40:54','2013-01-16 12:40:54'),
	(222,101,12,8,'Lost','2013-01-16 12:40:54','2013-01-16 12:40:54'),
	(223,102,10,11,'Won','2013-01-16 12:43:13','2013-01-16 12:43:13'),
	(224,102,13,6,'Lost','2013-01-16 12:43:13','2013-01-16 12:43:13'),
	(225,103,12,11,'Won','2013-01-16 12:45:09','2013-01-16 12:45:09'),
	(226,103,13,3,'Lost','2013-01-16 12:45:09','2013-01-16 12:45:09'),
	(227,104,12,11,'Won','2013-01-16 12:47:41','2013-01-16 12:47:41'),
	(228,104,13,6,'Lost','2013-01-16 12:47:41','2013-01-16 12:47:41'),
	(229,105,12,10,'Lost','2013-01-16 12:50:54','2013-01-16 12:50:54'),
	(230,105,13,12,'Won','2013-01-16 12:50:54','2013-01-16 12:50:54'),
	(231,106,12,11,'Won','2013-01-16 12:53:35','2013-01-16 12:53:35'),
	(232,106,4,6,'Lost','2013-01-16 12:53:35','2013-01-16 12:53:35'),
	(233,107,10,11,'Won','2013-01-16 12:55:24','2013-01-16 12:55:24'),
	(234,107,4,3,'Lost','2013-01-16 12:55:24','2013-01-16 12:55:24'),
	(235,108,10,11,'Won','2013-01-16 12:58:32','2013-01-16 12:58:32'),
	(236,108,13,8,'Lost','2013-01-16 12:58:32','2013-01-16 12:58:32'),
	(237,109,10,11,'Won','2013-01-16 13:00:43','2013-01-16 13:00:43'),
	(238,109,13,3,'Lost','2013-01-16 13:00:43','2013-01-16 13:00:43'),
	(239,110,10,13,'Won','2013-01-16 13:04:33','2013-01-16 13:04:33'),
	(240,110,13,11,'Lost','2013-01-16 13:04:33','2013-01-16 13:04:33'),
	(241,111,10,11,'Won','2013-01-16 13:07:05','2013-01-16 13:07:05'),
	(242,111,13,4,'Lost','2013-01-16 13:07:05','2013-01-16 13:07:05'),
	(243,112,14,9,'Lost','2013-01-16 13:07:28','2013-01-16 13:07:28'),
	(244,112,1,11,'Won','2013-01-16 13:07:28','2013-01-16 13:07:28'),
	(245,113,10,11,'Won','2013-01-16 13:09:28','2013-01-16 13:09:28'),
	(246,113,13,1,'Lost','2013-01-16 13:09:28','2013-01-16 13:09:28'),
	(247,114,10,11,'Won','2013-01-16 13:12:05','2013-01-16 13:12:05'),
	(248,114,13,5,'Lost','2013-01-16 13:12:05','2013-01-16 13:12:05'),
	(249,115,10,11,'Won','2013-01-16 13:14:29','2013-01-16 13:14:29'),
	(250,115,13,4,'Lost','2013-01-16 13:14:29','2013-01-16 13:14:29'),
	(251,116,10,11,'Won','2013-01-16 13:16:39','2013-01-16 13:16:39'),
	(252,116,13,4,'Lost','2013-01-16 13:16:39','2013-01-16 13:16:39'),
	(253,117,10,11,'Won','2013-01-16 13:19:14','2013-01-16 13:19:14'),
	(254,117,13,8,'Lost','2013-01-16 13:19:14','2013-01-16 13:19:14'),
	(255,118,8,4,'Lost','2013-01-16 13:23:01','2013-01-16 13:23:01'),
	(256,118,13,11,'Won','2013-01-16 13:23:01','2013-01-16 13:23:01'),
	(257,119,8,7,'Lost','2013-01-16 13:27:20','2013-01-16 13:27:20'),
	(258,119,13,11,'Won','2013-01-16 13:27:20','2013-01-16 13:27:20'),
	(259,120,8,8,'Lost','2013-01-16 13:31:29','2013-01-16 13:31:29'),
	(260,120,13,11,'Won','2013-01-16 13:31:29','2013-01-16 13:31:29'),
	(261,121,1,4,'Lost','2013-01-16 13:35:20','2013-01-16 13:35:20'),
	(262,121,13,11,'Won','2013-01-16 13:35:20','2013-01-16 13:35:20'),
	(263,122,1,6,'Lost','2013-01-16 13:38:09','2013-01-16 13:38:09'),
	(264,122,13,11,'Won','2013-01-16 13:38:09','2013-01-16 13:38:09'),
	(265,123,10,11,'Won','2013-01-16 14:47:00','2013-01-16 14:47:00'),
	(266,123,4,7,'Lost','2013-01-16 14:47:00','2013-01-16 14:47:00'),
	(267,124,10,11,'Won','2013-01-16 14:47:06','2013-01-16 14:47:06'),
	(268,124,4,9,'Lost','2013-01-16 14:47:06','2013-01-16 14:47:06'),
	(269,125,1,11,'Won','2013-01-16 15:09:15','2013-01-16 15:09:15'),
	(270,125,8,7,'Lost','2013-01-16 15:09:15','2013-01-16 15:09:15'),
	(271,126,4,9,'Lost','2013-01-17 09:17:45','2013-01-17 09:17:45'),
	(272,126,10,11,'Won','2013-01-17 09:17:45','2013-01-17 09:17:45'),
	(273,127,8,9,'Lost','2013-01-17 12:28:08','2013-01-17 12:28:08'),
	(274,127,11,11,'Won','2013-01-17 12:28:08','2013-01-17 12:28:08'),
	(275,128,8,9,'Lost','2013-01-17 12:30:46','2013-01-17 12:30:46'),
	(276,128,11,11,'Won','2013-01-17 12:30:46','2013-01-17 12:30:46'),
	(277,129,8,12,'Won','2013-01-17 12:30:58','2013-01-17 12:30:58'),
	(278,129,11,10,'Lost','2013-01-17 12:30:58','2013-01-17 12:30:58'),
	(279,130,8,11,'Won','2013-01-17 12:44:21','2013-01-17 12:44:21'),
	(280,130,11,3,'Lost','2013-01-17 12:44:21','2013-01-17 12:44:21'),
	(281,131,8,11,'Won','2013-01-17 12:48:04','2013-01-17 12:48:04'),
	(282,131,11,9,'Lost','2013-01-17 12:48:04','2013-01-17 12:48:04'),
	(283,132,10,8,'Lost','2013-01-17 13:02:08','2013-01-17 13:02:08'),
	(284,132,1,11,'Won','2013-01-17 13:02:08','2013-01-17 13:02:08'),
	(285,133,12,11,'Won','2013-01-17 13:04:58','2013-01-17 13:04:58'),
	(286,133,1,9,'Lost','2013-01-17 13:04:58','2013-01-17 13:04:58'),
	(287,134,12,15,'Won','2013-01-17 13:08:41','2013-01-17 13:08:41'),
	(288,134,10,13,'Lost','2013-01-17 13:08:41','2013-01-17 13:08:41'),
	(289,135,12,8,'Lost','2013-01-17 13:11:16','2013-01-17 13:11:16'),
	(290,135,14,11,'Won','2013-01-17 13:11:16','2013-01-17 13:11:16'),
	(291,136,8,6,'Lost','2013-01-17 13:14:14','2013-01-17 13:14:14'),
	(292,136,14,11,'Won','2013-01-17 13:14:14','2013-01-17 13:14:14'),
	(293,137,10,4,'Lost','2013-01-17 13:16:29','2013-01-17 13:16:29'),
	(294,137,14,11,'Won','2013-01-17 13:16:29','2013-01-17 13:16:29'),
	(295,138,1,11,'Won','2013-01-17 13:19:56','2013-01-17 13:19:56'),
	(296,138,11,7,'Lost','2013-01-17 13:19:56','2013-01-17 13:19:56'),
	(297,139,1,12,'Won','2013-01-17 13:27:14','2013-01-17 13:27:14'),
	(298,139,8,10,'Lost','2013-01-17 13:27:14','2013-01-17 13:27:14'),
	(299,140,1,11,'Won','2013-01-17 13:29:13','2013-01-17 13:29:13'),
	(300,140,8,6,'Lost','2013-01-17 13:29:13','2013-01-17 13:29:13'),
	(301,141,1,3,'Lost','2013-01-17 13:31:45','2013-01-17 13:31:45'),
	(302,141,10,11,'Won','2013-01-17 13:31:45','2013-01-17 13:31:45'),
	(303,142,1,9,'Lost','2013-01-17 13:34:40','2013-01-17 13:34:40'),
	(304,142,10,11,'Won','2013-01-17 13:34:40','2013-01-17 13:34:40'),
	(305,143,10,11,'Won','2013-01-17 14:24:38','2013-01-17 14:24:38'),
	(306,143,4,4,'Lost','2013-01-17 14:24:38','2013-01-17 14:24:38'),
	(307,144,10,4,'Lost','2013-01-17 14:24:44','2013-01-17 14:24:44'),
	(308,144,4,11,'Won','2013-01-17 14:24:44','2013-01-17 14:24:44'),
	(309,145,10,11,'Won','2013-01-17 14:24:49','2013-01-17 14:24:49'),
	(310,145,4,3,'Lost','2013-01-17 14:24:49','2013-01-17 14:24:49'),
	(311,146,4,9,'Lost','2013-01-17 17:06:33','2013-01-17 17:06:33'),
	(312,146,14,11,'Won','2013-01-17 17:06:33','2013-01-17 17:06:33'),
	(313,147,16,11,'Won','2013-01-21 11:53:15','2013-01-21 11:53:15'),
	(314,147,8,5,'Lost','2013-01-21 11:53:15','2013-01-21 11:53:15'),
	(315,148,4,11,'Lost','2013-01-21 13:04:24','2013-01-21 13:04:24'),
	(316,148,10,13,'Won','2013-01-21 13:04:24','2013-01-21 13:04:24'),
	(317,149,4,11,'Won','2013-01-21 13:06:50','2013-01-21 13:06:50'),
	(318,149,10,9,'Lost','2013-01-21 13:06:50','2013-01-21 13:06:50'),
	(319,150,4,11,'Won','2013-01-21 13:07:02','2013-01-21 13:07:02'),
	(320,150,10,9,'Lost','2013-01-21 13:07:02','2013-01-21 13:07:02'),
	(321,151,4,11,'Won','2013-01-21 13:10:19','2013-01-21 13:10:19'),
	(322,151,12,7,'Lost','2013-01-21 13:10:19','2013-01-21 13:10:19'),
	(323,152,4,13,'Won','2013-01-21 13:12:42','2013-01-21 13:12:42'),
	(324,152,12,11,'Lost','2013-01-21 13:12:42','2013-01-21 13:12:42'),
	(325,153,10,11,'Won','2013-01-21 13:14:51','2013-01-21 13:14:51'),
	(326,153,12,7,'Lost','2013-01-21 13:14:51','2013-01-21 13:14:51'),
	(327,154,10,11,'Won','2013-01-21 13:16:38','2013-01-21 13:16:38'),
	(328,154,12,5,'Lost','2013-01-21 13:16:38','2013-01-21 13:16:38'),
	(329,155,4,9,'Lost','2013-01-21 13:19:59','2013-01-21 13:19:59'),
	(330,155,12,11,'Won','2013-01-21 13:19:59','2013-01-21 13:19:59'),
	(331,156,4,8,'Lost','2013-01-21 13:22:08','2013-01-21 13:22:08'),
	(332,156,12,11,'Won','2013-01-21 13:22:08','2013-01-21 13:22:08'),
	(333,157,10,11,'Lost','2013-01-21 13:28:35','2013-01-21 13:28:35'),
	(334,157,12,13,'Won','2013-01-21 13:28:35','2013-01-21 13:28:35'),
	(335,158,10,9,'Lost','2013-01-21 13:28:52','2013-01-21 13:28:52'),
	(336,158,12,11,'Won','2013-01-21 13:28:52','2013-01-21 13:28:52'),
	(337,159,4,11,'Won','2013-01-21 13:32:08','2013-01-21 13:32:08'),
	(338,159,12,6,'Lost','2013-01-21 13:32:08','2013-01-21 13:32:08'),
	(339,160,14,11,'Won','2013-01-22 12:36:40','2013-01-22 12:36:40'),
	(340,160,13,6,'Lost','2013-01-22 12:36:40','2013-01-22 12:36:40'),
	(341,161,14,11,'Won','2013-01-22 12:38:26','2013-01-22 12:38:26'),
	(342,161,13,5,'Lost','2013-01-22 12:38:26','2013-01-22 12:38:26'),
	(343,162,12,11,'Won','2013-01-22 12:41:56','2013-01-22 12:41:56'),
	(344,162,13,7,'Lost','2013-01-22 12:41:56','2013-01-22 12:41:56'),
	(345,163,12,7,'Lost','2013-01-22 12:44:54','2013-01-22 12:44:54'),
	(346,163,14,11,'Won','2013-01-22 12:44:54','2013-01-22 12:44:54'),
	(347,164,13,6,'Lost','2013-01-22 12:47:40','2013-01-22 12:47:40'),
	(348,164,14,11,'Won','2013-01-22 12:47:40','2013-01-22 12:47:40'),
	(349,165,14,11,'Won','2013-01-22 12:50:16','2013-01-22 12:50:16'),
	(350,165,12,8,'Lost','2013-01-22 12:50:16','2013-01-22 12:50:16'),
	(351,166,14,7,'Lost','2013-01-22 12:53:16','2013-01-22 12:53:16'),
	(352,166,4,11,'Won','2013-01-22 12:53:16','2013-01-22 12:53:16'),
	(353,167,13,11,'Won','2013-01-22 12:56:09','2013-01-22 12:56:09'),
	(354,167,4,4,'Lost','2013-01-22 12:56:09','2013-01-22 12:56:09'),
	(355,168,13,9,'Lost','2013-01-22 12:58:53','2013-01-22 12:58:53'),
	(356,168,12,11,'Won','2013-01-22 12:58:53','2013-01-22 12:58:53'),
	(357,169,14,4,'Lost','2013-01-22 13:01:06','2013-01-22 13:01:06'),
	(358,169,12,11,'Won','2013-01-22 13:01:06','2013-01-22 13:01:06'),
	(359,170,1,9,'Lost','2013-01-22 13:04:18','2013-01-22 13:04:18'),
	(360,170,12,11,'Won','2013-01-22 13:04:18','2013-01-22 13:04:18'),
	(361,171,13,5,'Lost','2013-01-22 13:07:06','2013-01-22 13:07:06'),
	(362,171,12,11,'Won','2013-01-22 13:07:06','2013-01-22 13:07:06'),
	(363,172,13,10,'Lost','2013-01-22 13:10:18','2013-01-22 13:10:18'),
	(364,172,12,12,'Won','2013-01-22 13:10:18','2013-01-22 13:10:18'),
	(365,173,13,9,'Lost','2013-01-22 13:13:25','2013-01-22 13:13:25'),
	(366,173,12,11,'Won','2013-01-22 13:13:25','2013-01-22 13:13:25'),
	(367,174,13,5,'Lost','2013-01-22 13:16:08','2013-01-22 13:16:08'),
	(368,174,12,11,'Won','2013-01-22 13:16:08','2013-01-22 13:16:08'),
	(369,175,13,8,'Lost','2013-01-22 13:18:51','2013-01-22 13:18:51'),
	(370,175,12,11,'Won','2013-01-22 13:18:51','2013-01-22 13:18:51'),
	(371,176,13,2,'Lost','2013-01-22 13:20:41','2013-01-22 13:20:41'),
	(372,176,12,11,'Won','2013-01-22 13:20:41','2013-01-22 13:20:41'),
	(373,177,13,11,'Won','2013-01-22 13:23:46','2013-01-22 13:23:46'),
	(374,177,12,9,'Lost','2013-01-22 13:23:46','2013-01-22 13:23:46'),
	(375,178,4,11,'Won','2013-01-22 16:53:26','2013-01-22 16:53:26'),
	(376,178,13,9,'Lost','2013-01-22 16:53:26','2013-01-22 16:53:26'),
	(377,179,4,11,'Won','2013-01-22 16:56:26','2013-01-22 16:56:26'),
	(378,179,13,9,'Lost','2013-01-22 16:56:26','2013-01-22 16:56:26'),
	(379,180,4,9,'Lost','2013-01-22 17:00:32','2013-01-22 17:00:32'),
	(380,180,13,11,'Won','2013-01-22 17:00:32','2013-01-22 17:00:32'),
	(381,181,4,11,'Won','2013-01-22 17:03:16','2013-01-22 17:03:16'),
	(382,181,13,5,'Lost','2013-01-22 17:03:16','2013-01-22 17:03:16'),
	(383,182,4,11,'Won','2013-01-22 17:05:04','2013-01-22 17:05:04'),
	(384,182,13,2,'Lost','2013-01-22 17:05:04','2013-01-22 17:05:04'),
	(385,183,4,11,'Won','2013-01-22 17:07:24','2013-01-22 17:07:24'),
	(386,183,13,6,'Lost','2013-01-22 17:07:24','2013-01-22 17:07:24'),
	(387,184,4,9,'Lost','2013-01-22 17:10:02','2013-01-22 17:10:02'),
	(388,184,13,11,'Won','2013-01-22 17:10:02','2013-01-22 17:10:02'),
	(389,185,4,11,'Won','2013-01-22 17:11:52','2013-01-22 17:11:52'),
	(390,185,13,2,'Lost','2013-01-22 17:11:53','2013-01-22 17:11:53'),
	(391,186,4,11,'Won','2013-01-22 17:14:28','2013-01-22 17:14:28'),
	(392,186,13,5,'Lost','2013-01-22 17:14:28','2013-01-22 17:14:28'),
	(393,187,4,11,'Won','2013-01-22 17:17:01','2013-01-22 17:17:01'),
	(394,187,13,6,'Lost','2013-01-22 17:17:01','2013-01-22 17:17:01'),
	(395,188,4,11,'Won','2013-01-22 17:19:14','2013-01-22 17:19:14'),
	(396,188,13,3,'Lost','2013-01-22 17:19:14','2013-01-22 17:19:14'),
	(397,189,4,11,'Won','2013-01-22 17:21:21','2013-01-22 17:21:21'),
	(398,189,13,2,'Lost','2013-01-22 17:21:21','2013-01-22 17:21:21'),
	(399,190,4,10,'Lost','2013-01-22 17:25:02','2013-01-22 17:25:02'),
	(400,190,13,12,'Won','2013-01-22 17:25:02','2013-01-22 17:25:02'),
	(401,191,4,12,'Won','2013-01-22 17:29:33','2013-01-22 17:29:33'),
	(402,191,13,10,'Lost','2013-01-22 17:29:33','2013-01-22 17:29:33'),
	(403,192,4,11,'Won','2013-01-23 11:07:49','2013-01-23 11:07:49'),
	(404,192,10,5,'Lost','2013-01-23 11:07:49','2013-01-23 11:07:49'),
	(405,193,4,5,'Lost','2013-01-23 11:07:55','2013-01-23 11:07:55'),
	(406,193,10,11,'Won','2013-01-23 11:07:55','2013-01-23 11:07:55'),
	(407,194,14,12,'Won','2013-01-23 12:35:35','2013-01-23 12:35:35'),
	(408,194,11,10,'Lost','2013-01-23 12:35:35','2013-01-23 12:35:35'),
	(409,195,8,11,'Won','2013-01-23 12:36:02','2013-01-23 12:36:02'),
	(410,195,11,8,'Lost','2013-01-23 12:36:02','2013-01-23 12:36:02'),
	(411,196,8,6,'Lost','2013-01-23 12:38:43','2013-01-23 12:38:43'),
	(412,196,14,11,'Won','2013-01-23 12:38:43','2013-01-23 12:38:43'),
	(413,197,8,6,'Lost','2013-01-23 12:43:44','2013-01-23 12:43:44'),
	(414,197,14,11,'Won','2013-01-23 12:43:44','2013-01-23 12:43:44'),
	(415,198,8,1,'Lost','2013-01-23 12:43:49','2013-01-23 12:43:49'),
	(416,198,14,11,'Won','2013-01-23 12:43:49','2013-01-23 12:43:49'),
	(417,199,1,4,'Lost','2013-01-23 12:46:40','2013-01-23 12:46:40'),
	(418,199,14,11,'Won','2013-01-23 12:46:40','2013-01-23 12:46:40'),
	(419,200,1,14,'Won','2013-01-23 12:51:09','2013-01-23 12:51:09'),
	(420,200,11,12,'Lost','2013-01-23 12:51:09','2013-01-23 12:51:09'),
	(421,201,1,13,'Won','2013-01-23 12:54:22','2013-01-23 12:54:22'),
	(422,201,11,11,'Lost','2013-01-23 12:54:22','2013-01-23 12:54:22'),
	(423,202,4,5,'Lost','2013-01-23 12:57:06','2013-01-23 12:57:06'),
	(424,202,14,11,'Won','2013-01-23 12:57:06','2013-01-23 12:57:06'),
	(425,203,4,9,'Lost','2013-01-23 12:59:14','2013-01-23 12:59:14'),
	(426,203,14,11,'Won','2013-01-23 12:59:14','2013-01-23 12:59:14'),
	(427,204,12,5,'Lost','2013-01-23 13:02:00','2013-01-23 13:02:00'),
	(428,204,14,11,'Won','2013-01-23 13:02:00','2013-01-23 13:02:00'),
	(429,205,12,8,'Lost','2013-01-23 13:04:55','2013-01-23 13:04:55'),
	(430,205,14,11,'Won','2013-01-23 13:04:55','2013-01-23 13:04:55'),
	(431,206,12,6,'Lost','2013-01-23 13:07:37','2013-01-23 13:07:37'),
	(432,206,14,11,'Won','2013-01-23 13:07:37','2013-01-23 13:07:37'),
	(433,207,12,11,'Won','2013-01-23 13:10:06','2013-01-23 13:10:06'),
	(434,207,4,5,'Lost','2013-01-23 13:10:06','2013-01-23 13:10:06'),
	(435,208,12,11,'Won','2013-01-23 13:12:06','2013-01-23 13:12:06'),
	(436,208,4,6,'Lost','2013-01-23 13:12:06','2013-01-23 13:12:06'),
	(437,209,12,11,'Won','2013-01-23 13:14:44','2013-01-23 13:14:44'),
	(438,209,14,8,'Lost','2013-01-23 13:14:44','2013-01-23 13:14:44'),
	(439,210,12,11,'Won','2013-01-23 13:17:07','2013-01-23 13:17:07'),
	(440,210,14,6,'Lost','2013-01-23 13:17:07','2013-01-23 13:17:07'),
	(441,211,12,9,'Lost','2013-01-23 13:20:15','2013-01-23 13:20:15'),
	(442,211,10,11,'Won','2013-01-23 13:20:15','2013-01-23 13:20:15'),
	(443,212,14,12,'Won','2013-01-23 13:23:38','2013-01-23 13:23:38'),
	(444,212,10,10,'Lost','2013-01-23 13:23:38','2013-01-23 13:23:38'),
	(445,213,14,8,'Lost','2013-01-23 13:26:12','2013-01-23 13:26:12'),
	(446,213,10,11,'Won','2013-01-23 13:26:12','2013-01-23 13:26:12'),
	(447,214,12,6,'Lost','2013-01-23 13:28:33','2013-01-23 13:28:33'),
	(448,214,10,11,'Won','2013-01-23 13:28:33','2013-01-23 13:28:33'),
	(449,215,4,7,'Lost','2013-01-23 15:16:12','2013-01-23 15:16:12'),
	(450,215,10,11,'Won','2013-01-23 15:16:12','2013-01-23 15:16:12'),
	(451,216,4,11,'Won','2013-01-23 15:16:17','2013-01-23 15:16:17'),
	(452,216,10,9,'Lost','2013-01-23 15:16:17','2013-01-23 15:16:17'),
	(453,217,8,6,'Lost','2013-01-23 15:19:37','2013-01-23 15:19:37'),
	(454,217,21,11,'Won','2013-01-23 15:19:37','2013-01-23 15:19:37'),
	(455,217,20,6,'Lost','2013-01-23 15:19:37','2013-01-23 15:19:37'),
	(456,217,11,11,'Won','2013-01-23 15:19:37','2013-01-23 15:19:37'),
	(457,218,16,11,'Won','2013-01-24 10:04:11','2013-01-24 10:04:11'),
	(458,218,18,7,'Lost','2013-01-24 10:04:11','2013-01-24 10:04:11'),
	(459,219,16,11,'Won','2013-01-24 10:05:08','2013-01-24 10:05:08'),
	(460,219,4,4,'Lost','2013-01-24 10:05:08','2013-01-24 10:05:08'),
	(461,220,14,12,'Won','2013-01-24 11:34:07','2013-01-24 11:34:07'),
	(462,220,10,10,'Lost','2013-01-24 11:34:07','2013-01-24 11:34:07'),
	(463,221,14,12,'Won','2013-01-24 11:34:11','2013-01-24 11:34:11'),
	(464,221,10,10,'Lost','2013-01-24 11:34:11','2013-01-24 11:34:11'),
	(465,222,14,11,'Won','2013-01-24 11:34:14','2013-01-24 11:34:14'),
	(466,222,10,6,'Lost','2013-01-24 11:34:14','2013-01-24 11:34:14'),
	(467,223,14,9,'Lost','2013-01-24 11:34:18','2013-01-24 11:34:18'),
	(468,223,10,11,'Won','2013-01-24 11:34:18','2013-01-24 11:34:18'),
	(469,224,4,6,'Lost','2013-01-24 11:35:03','2013-01-24 11:35:03'),
	(470,224,10,11,'Won','2013-01-24 11:35:03','2013-01-24 11:35:03'),
	(471,225,12,11,'Won','2013-01-24 11:44:45','2013-01-24 11:44:45'),
	(472,225,13,7,'Lost','2013-01-24 11:44:45','2013-01-24 11:44:45'),
	(473,225,8,11,'Won','2013-01-24 11:44:45','2013-01-24 11:44:45'),
	(474,225,1,7,'Lost','2013-01-24 11:44:45','2013-01-24 11:44:45'),
	(475,226,13,1,'Lost','2013-01-24 11:47:09','2013-01-24 11:47:09'),
	(476,226,12,11,'Won','2013-01-24 11:47:09','2013-01-24 11:47:09'),
	(477,227,13,11,'Lost','2013-01-24 11:47:16','2013-01-24 11:47:16'),
	(478,227,12,13,'Won','2013-01-24 11:47:16','2013-01-24 11:47:16'),
	(479,228,14,9,'Lost','2013-01-24 12:24:32','2013-01-24 12:24:32'),
	(480,228,13,11,'Won','2013-01-24 12:24:32','2013-01-24 12:24:32'),
	(481,229,14,11,'Won','2013-01-24 12:27:39','2013-01-24 12:27:39'),
	(482,229,12,4,'Lost','2013-01-24 12:27:39','2013-01-24 12:27:39'),
	(483,230,14,11,'Won','2013-01-24 12:33:41','2013-01-24 12:33:41'),
	(484,230,13,2,'Lost','2013-01-24 12:33:41','2013-01-24 12:33:41'),
	(485,231,14,11,'Won','2013-01-24 12:33:45','2013-01-24 12:33:45'),
	(486,231,13,3,'Lost','2013-01-24 12:33:45','2013-01-24 12:33:45'),
	(487,232,10,11,'Won','2013-01-24 12:36:28','2013-01-24 12:36:28'),
	(488,232,13,6,'Lost','2013-01-24 12:36:28','2013-01-24 12:36:28'),
	(489,233,10,6,'Lost','2013-01-24 12:39:45','2013-01-24 12:39:45'),
	(490,233,14,11,'Won','2013-01-24 12:39:45','2013-01-24 12:39:45'),
	(491,234,12,10,'Lost','2013-01-24 12:44:03','2013-01-24 12:44:03'),
	(492,234,13,12,'Won','2013-01-24 12:44:03','2013-01-24 12:44:03'),
	(493,235,12,7,'Lost','2013-01-24 12:47:10','2013-01-24 12:47:10'),
	(494,235,13,11,'Won','2013-01-24 12:47:10','2013-01-24 12:47:10'),
	(495,236,12,11,'Won','2013-01-24 12:50:29','2013-01-24 12:50:29'),
	(496,236,13,7,'Lost','2013-01-24 12:50:29','2013-01-24 12:50:29'),
	(497,237,1,6,'Lost','2013-01-24 12:54:51','2013-01-24 12:54:51'),
	(498,237,2,11,'Won','2013-01-24 12:54:51','2013-01-24 12:54:51'),
	(499,238,12,11,'Won','2013-01-24 12:58:20','2013-01-24 12:58:20'),
	(500,238,14,6,'Lost','2013-01-24 12:58:20','2013-01-24 12:58:20'),
	(501,239,12,2,'Lost','2013-01-24 12:59:56','2013-01-24 12:59:56'),
	(502,239,14,11,'Won','2013-01-24 12:59:56','2013-01-24 12:59:56'),
	(503,240,12,0,'Lost','2013-01-24 13:01:02','2013-01-24 13:01:02'),
	(504,240,14,11,'Won','2013-01-24 13:01:02','2013-01-24 13:01:02'),
	(505,241,9,15,'Won','2013-01-24 13:05:34','2013-01-24 13:05:34'),
	(506,241,8,13,'Lost','2013-01-24 13:05:34','2013-01-24 13:05:34'),
	(507,242,9,3,'Lost','2013-01-24 13:07:26','2013-01-24 13:07:26'),
	(508,242,14,11,'Won','2013-01-24 13:07:26','2013-01-24 13:07:26'),
	(509,243,2,3,'Lost','2013-01-24 13:09:44','2013-01-24 13:09:44'),
	(510,243,10,11,'Won','2013-01-24 13:09:44','2013-01-24 13:09:44'),
	(511,244,14,11,'Won','2013-01-24 13:12:43','2013-01-24 13:12:43'),
	(512,244,10,7,'Lost','2013-01-24 13:12:43','2013-01-24 13:12:43'),
	(513,245,14,11,'Won','2013-01-24 13:15:06','2013-01-24 13:15:06'),
	(514,245,10,7,'Lost','2013-01-24 13:15:06','2013-01-24 13:15:06'),
	(515,246,1,11,'Won','2013-01-24 13:19:27','2013-01-24 13:19:27'),
	(516,246,8,9,'Lost','2013-01-24 13:19:27','2013-01-24 13:19:27'),
	(517,247,1,9,'Lost','2013-01-24 13:21:53','2013-01-24 13:21:53'),
	(518,247,8,11,'Won','2013-01-24 13:21:53','2013-01-24 13:21:53'),
	(519,248,1,13,'Won','2013-01-24 13:25:52','2013-01-24 13:25:52'),
	(520,248,8,11,'Lost','2013-01-24 13:25:52','2013-01-24 13:25:52'),
	(521,249,13,11,'Lost','2013-01-24 13:29:53','2013-01-24 13:29:53'),
	(522,249,12,13,'Won','2013-01-24 13:29:53','2013-01-24 13:29:53'),
	(523,250,13,11,'Won','2013-01-24 13:33:29','2013-01-24 13:33:29'),
	(524,250,10,9,'Lost','2013-01-24 13:33:29','2013-01-24 13:33:29'),
	(525,251,13,10,'Lost','2013-01-24 13:36:54','2013-01-24 13:36:54'),
	(526,251,10,12,'Won','2013-01-24 13:36:54','2013-01-24 13:36:54'),
	(527,252,13,6,'Lost','2013-01-24 13:39:14','2013-01-24 13:39:14'),
	(528,252,10,11,'Won','2013-01-24 13:39:14','2013-01-24 13:39:14'),
	(529,253,13,11,'Won','2013-01-24 13:41:46','2013-01-24 13:41:46'),
	(530,253,10,5,'Lost','2013-01-24 13:41:46','2013-01-24 13:41:46'),
	(531,254,14,11,'Won','2013-01-24 14:42:28','2013-01-24 14:42:28'),
	(532,254,12,5,'Lost','2013-01-24 14:42:28','2013-01-24 14:42:28'),
	(533,255,14,11,'Won','2013-01-24 14:42:33','2013-01-24 14:42:33'),
	(534,255,12,6,'Lost','2013-01-24 14:42:33','2013-01-24 14:42:33'),
	(535,256,14,11,'Won','2013-01-24 14:42:37','2013-01-24 14:42:37'),
	(536,256,12,7,'Lost','2013-01-24 14:42:37','2013-01-24 14:42:37'),
	(537,257,1,9,'Lost','2013-01-24 15:04:17','2013-01-24 15:04:17'),
	(538,257,8,11,'Won','2013-01-24 15:04:17','2013-01-24 15:04:17'),
	(539,258,1,11,'Won','2013-01-24 15:04:21','2013-01-24 15:04:21'),
	(540,258,8,9,'Lost','2013-01-24 15:04:21','2013-01-24 15:04:21'),
	(541,259,1,11,'Won','2013-01-24 15:06:41','2013-01-24 15:06:41'),
	(542,259,8,4,'Lost','2013-01-24 15:06:41','2013-01-24 15:06:41'),
	(543,260,4,12,'Won','2013-01-24 15:31:36','2013-01-24 15:31:36'),
	(544,260,10,10,'Lost','2013-01-24 15:31:36','2013-01-24 15:31:36'),
	(545,261,4,11,'Won','2013-01-24 15:31:42','2013-01-24 15:31:42'),
	(546,261,10,9,'Lost','2013-01-24 15:31:42','2013-01-24 15:31:42'),
	(547,262,4,6,'Lost','2013-01-24 15:34:24','2013-01-24 15:34:24'),
	(548,262,10,11,'Won','2013-01-24 15:34:24','2013-01-24 15:34:24'),
	(549,263,4,7,'Lost','2013-01-24 15:37:06','2013-01-24 15:37:06'),
	(550,263,10,11,'Won','2013-01-24 15:37:06','2013-01-24 15:37:06'),
	(551,264,13,2,'Lost','2013-01-24 17:07:07','2013-01-24 17:07:07'),
	(552,264,4,10,'Won','2013-01-24 17:07:07','2013-01-24 17:07:07'),
	(553,265,13,12,'Lost','2013-01-24 17:11:26','2013-01-24 17:11:26'),
	(554,265,4,14,'Won','2013-01-24 17:11:26','2013-01-24 17:11:26'),
	(555,266,13,11,'Won','2013-01-24 17:14:33','2013-01-24 17:14:33'),
	(556,266,4,6,'Lost','2013-01-24 17:14:33','2013-01-24 17:14:33'),
	(557,267,13,11,'Won','2013-01-24 17:17:56','2013-01-24 17:17:56'),
	(558,267,10,9,'Lost','2013-01-24 17:17:56','2013-01-24 17:17:56'),
	(559,268,13,10,'Lost','2013-01-24 17:22:49','2013-01-24 17:22:49'),
	(560,268,4,12,'Won','2013-01-24 17:22:49','2013-01-24 17:22:49'),
	(561,269,13,15,'Won','2013-01-24 17:27:42','2013-01-24 17:27:42'),
	(562,269,4,13,'Lost','2013-01-24 17:27:42','2013-01-24 17:27:42'),
	(563,270,4,7,'Lost','2013-01-25 09:14:07','2013-01-25 09:14:07'),
	(564,270,10,11,'Won','2013-01-25 09:14:07','2013-01-25 09:14:07'),
	(565,271,14,11,'Won','2013-01-25 10:41:21','2013-01-25 10:41:21'),
	(566,271,10,6,'Lost','2013-01-25 10:41:21','2013-01-25 10:41:21'),
	(567,272,14,11,'Won','2013-01-25 10:41:25','2013-01-25 10:41:25'),
	(568,272,10,5,'Lost','2013-01-25 10:41:25','2013-01-25 10:41:25'),
	(569,273,14,13,'Won','2013-01-25 10:41:29','2013-01-25 10:41:29'),
	(570,273,10,11,'Lost','2013-01-25 10:41:29','2013-01-25 10:41:29'),
	(571,274,10,11,'Won','2013-01-25 12:04:39','2013-01-25 12:04:39'),
	(572,274,4,7,'Lost','2013-01-25 12:04:39','2013-01-25 12:04:39'),
	(573,275,10,9,'Lost','2013-01-25 12:05:00','2013-01-25 12:05:00'),
	(574,275,4,11,'Won','2013-01-25 12:05:00','2013-01-25 12:05:00'),
	(575,276,10,9,'Lost','2013-01-25 12:05:13','2013-01-25 12:05:13'),
	(576,276,4,11,'Won','2013-01-25 12:05:13','2013-01-25 12:05:13'),
	(577,277,8,6,'Lost','2013-01-25 12:35:24','2013-01-25 12:35:24'),
	(578,277,6,11,'Won','2013-01-25 12:35:24','2013-01-25 12:35:24'),
	(579,277,1,6,'Lost','2013-01-25 12:35:24','2013-01-25 12:35:24'),
	(580,277,11,11,'Won','2013-01-25 12:35:24','2013-01-25 12:35:24'),
	(581,278,13,11,'Won','2013-01-25 12:58:44','2013-01-25 12:58:44'),
	(582,278,14,8,'Lost','2013-01-25 12:58:44','2013-01-25 12:58:44'),
	(583,279,13,13,'Won','2013-01-25 13:05:59','2013-01-25 13:05:59'),
	(584,279,14,11,'Lost','2013-01-25 13:05:59','2013-01-25 13:05:59'),
	(585,280,13,9,'Lost','2013-01-25 13:06:08','2013-01-25 13:06:08'),
	(586,280,14,11,'Won','2013-01-25 13:06:08','2013-01-25 13:06:08'),
	(587,281,13,16,'Won','2013-01-25 13:11:51','2013-01-25 13:11:51'),
	(588,281,14,14,'Lost','2013-01-25 13:11:51','2013-01-25 13:11:51'),
	(589,282,13,14,'Won','2013-01-25 13:17:20','2013-01-25 13:17:20'),
	(590,282,14,12,'Lost','2013-01-25 13:17:20','2013-01-25 13:17:20'),
	(591,283,13,10,'Lost','2013-01-25 13:20:53','2013-01-25 13:20:53'),
	(592,283,14,12,'Won','2013-01-25 13:20:53','2013-01-25 13:20:53'),
	(593,284,10,11,'Won','2013-01-25 13:45:59','2013-01-25 13:45:59'),
	(594,284,12,4,'Lost','2013-01-25 13:46:00','2013-01-25 13:46:00'),
	(595,285,13,11,'Won','2013-01-25 13:49:22','2013-01-25 13:49:22'),
	(596,285,12,7,'Lost','2013-01-25 13:49:22','2013-01-25 13:49:22'),
	(597,286,13,4,'Lost','2013-01-25 13:51:39','2013-01-25 13:51:39'),
	(598,286,12,11,'Won','2013-01-25 13:51:39','2013-01-25 13:51:39'),
	(599,287,13,11,'Won','2013-01-25 13:54:35','2013-01-25 13:54:35'),
	(600,287,12,3,'Lost','2013-01-25 13:54:35','2013-01-25 13:54:35'),
	(601,288,4,14,'Won','2013-01-25 14:48:57','2013-01-25 14:48:57'),
	(602,288,10,12,'Lost','2013-01-25 14:48:57','2013-01-25 14:48:57'),
	(603,289,4,7,'Lost','2013-01-25 14:49:01','2013-01-25 14:49:01'),
	(604,289,10,11,'Won','2013-01-25 14:49:01','2013-01-25 14:49:01'),
	(605,290,4,11,'Lost','2013-01-25 14:49:03','2013-01-25 14:49:03'),
	(606,290,10,13,'Won','2013-01-25 14:49:03','2013-01-25 14:49:03'),
	(607,291,16,14,'Won','2013-01-25 16:41:20','2013-01-25 16:41:20'),
	(608,291,14,12,'Lost','2013-01-25 16:41:20','2013-01-25 16:41:20'),
	(609,292,16,4,'Lost','2013-01-25 16:45:32','2013-01-25 16:45:32'),
	(610,292,14,11,'Won','2013-01-25 16:45:32','2013-01-25 16:45:32'),
	(611,293,16,11,'Won','2013-01-25 16:45:40','2013-01-25 16:45:40'),
	(612,293,14,6,'Lost','2013-01-25 16:45:40','2013-01-25 16:45:40'),
	(613,294,16,10,'Lost','2013-01-25 16:48:33','2013-01-25 16:48:33'),
	(614,294,14,12,'Won','2013-01-25 16:48:33','2013-01-25 16:48:33'),
	(615,295,16,11,'Won','2013-01-25 17:00:21','2013-01-25 17:00:21'),
	(616,295,14,4,'Lost','2013-01-25 17:00:21','2013-01-25 17:00:21'),
	(617,296,4,12,'Won','2013-01-28 12:45:26','2013-01-28 12:45:26'),
	(618,296,10,10,'Lost','2013-01-28 12:45:26','2013-01-28 12:45:26'),
	(619,297,4,8,'Lost','2013-01-28 12:45:31','2013-01-28 12:45:31'),
	(620,297,10,11,'Won','2013-01-28 12:45:31','2013-01-28 12:45:31'),
	(621,298,1,11,'Won','2013-01-28 12:52:12','2013-01-28 12:52:12'),
	(622,298,8,6,'Lost','2013-01-28 12:52:12','2013-01-28 12:52:12'),
	(623,299,1,8,'Lost','2013-01-28 12:54:42','2013-01-28 12:54:42'),
	(624,299,8,11,'Won','2013-01-28 12:54:42','2013-01-28 12:54:42'),
	(625,300,1,11,'Won','2013-01-28 12:57:22','2013-01-28 12:57:22'),
	(626,300,8,6,'Lost','2013-01-28 12:57:22','2013-01-28 12:57:22'),
	(627,301,4,8,'Lost','2013-01-28 12:59:45','2013-01-28 12:59:45'),
	(628,301,10,11,'Won','2013-01-28 12:59:45','2013-01-28 12:59:45'),
	(629,302,4,11,'Won','2013-01-28 13:03:16','2013-01-28 13:03:16'),
	(630,302,1,5,'Lost','2013-01-28 13:03:16','2013-01-28 13:03:16'),
	(631,303,10,11,'Won','2013-01-28 13:06:07','2013-01-28 13:06:07'),
	(632,303,1,7,'Lost','2013-01-28 13:06:07','2013-01-28 13:06:07'),
	(633,304,10,11,'Won','2013-01-28 13:08:58','2013-01-28 13:08:58'),
	(634,304,4,8,'Lost','2013-01-28 13:08:58','2013-01-28 13:08:58'),
	(635,305,10,11,'Lost','2013-01-28 13:12:21','2013-01-28 13:12:21'),
	(636,305,4,13,'Won','2013-01-28 13:12:21','2013-01-28 13:12:21'),
	(637,306,10,11,'Won','2013-01-28 13:14:29','2013-01-28 13:14:29'),
	(638,306,4,7,'Lost','2013-01-28 13:14:29','2013-01-28 13:14:29'),
	(639,307,10,11,'Won','2013-01-28 13:16:37','2013-01-28 13:16:37'),
	(640,307,4,5,'Lost','2013-01-28 13:16:37','2013-01-28 13:16:37'),
	(641,308,10,11,'Won','2013-01-28 13:19:12','2013-01-28 13:19:12'),
	(642,308,4,5,'Lost','2013-01-28 13:19:12','2013-01-28 13:19:12'),
	(643,309,10,8,'Lost','2013-01-28 13:21:55','2013-01-28 13:21:55'),
	(644,309,4,11,'Won','2013-01-28 13:21:55','2013-01-28 13:21:55'),
	(645,310,14,5,'Lost','2013-01-28 13:30:02','2013-01-28 13:30:02'),
	(646,310,16,10,'Won','2013-01-28 13:30:02','2013-01-28 13:30:02'),
	(647,311,12,5,'Lost','2013-01-28 13:32:11','2013-01-28 13:32:11'),
	(648,311,16,11,'Won','2013-01-28 13:32:11','2013-01-28 13:32:11'),
	(649,312,14,12,'Won','2013-01-28 13:35:25','2013-01-28 13:35:25'),
	(650,312,16,10,'Lost','2013-01-28 13:35:25','2013-01-28 13:35:25'),
	(651,313,14,11,'Won','2013-01-28 13:37:58','2013-01-28 13:37:58'),
	(652,313,12,8,'Lost','2013-01-28 13:37:58','2013-01-28 13:37:58'),
	(653,314,14,7,'Lost','2013-01-28 13:40:59','2013-01-28 13:40:59'),
	(654,314,16,11,'Won','2013-01-28 13:40:59','2013-01-28 13:40:59'),
	(655,315,12,9,'Lost','2013-01-28 13:43:57','2013-01-28 13:43:57'),
	(656,315,16,11,'Won','2013-01-28 13:43:57','2013-01-28 13:43:57'),
	(657,316,14,9,'Lost','2013-01-28 13:46:51','2013-01-28 13:46:51'),
	(658,316,16,11,'Won','2013-01-28 13:46:51','2013-01-28 13:46:51'),
	(659,317,11,11,'Won','2013-01-28 14:39:21','2013-01-28 14:39:21'),
	(660,317,8,1,'Lost','2013-01-28 14:39:21','2013-01-28 14:39:21'),
	(661,318,11,11,'Won','2013-01-28 14:41:42','2013-01-28 14:41:42'),
	(662,318,8,4,'Lost','2013-01-28 14:41:42','2013-01-28 14:41:42'),
	(663,319,4,4,'Lost','2013-01-28 14:53:42','2013-01-28 14:53:42'),
	(664,319,10,11,'Won','2013-01-28 14:53:42','2013-01-28 14:53:42'),
	(665,320,17,11,'Won','2013-01-28 17:25:09','2013-01-28 17:25:09'),
	(666,320,18,4,'Lost','2013-01-28 17:25:09','2013-01-28 17:25:09'),
	(667,321,13,7,'Lost','2013-01-29 13:12:49','2013-01-29 13:12:49'),
	(668,321,4,11,'Won','2013-01-29 13:12:49','2013-01-29 13:12:49'),
	(669,322,12,5,'Lost','2013-01-29 13:14:56','2013-01-29 13:14:56'),
	(670,322,4,11,'Won','2013-01-29 13:14:56','2013-01-29 13:14:56'),
	(671,323,13,11,'Won','2013-01-29 13:18:39','2013-01-29 13:18:39'),
	(672,323,4,9,'Lost','2013-01-29 13:18:39','2013-01-29 13:18:39'),
	(673,324,12,11,'Won','2013-01-29 13:20:48','2013-01-29 13:20:48'),
	(674,324,13,4,'Lost','2013-01-29 13:20:48','2013-01-29 13:20:48'),
	(675,325,12,11,'Won','2013-01-29 13:23:22','2013-01-29 13:23:22'),
	(676,325,4,5,'Lost','2013-01-29 13:23:22','2013-01-29 13:23:22'),
	(677,326,12,11,'Won','2013-01-29 13:26:17','2013-01-29 13:26:17'),
	(678,326,13,7,'Lost','2013-01-29 13:26:17','2013-01-29 13:26:17'),
	(679,327,12,8,'Lost','2013-01-29 13:29:39','2013-01-29 13:29:39'),
	(680,327,4,11,'Won','2013-01-29 13:29:39','2013-01-29 13:29:39'),
	(681,328,14,11,'Won','2013-01-29 13:32:15','2013-01-29 13:32:15'),
	(682,328,4,6,'Lost','2013-01-29 13:32:15','2013-01-29 13:32:15'),
	(683,329,14,11,'Won','2013-01-29 13:34:23','2013-01-29 13:34:23'),
	(684,329,13,5,'Lost','2013-01-29 13:34:23','2013-01-29 13:34:23'),
	(685,330,14,11,'Won','2013-01-29 13:36:46','2013-01-29 13:36:46'),
	(686,330,12,3,'Lost','2013-01-29 13:36:46','2013-01-29 13:36:46'),
	(687,331,14,12,'Won','2013-01-29 13:39:57','2013-01-29 13:39:57'),
	(688,331,4,10,'Lost','2013-01-29 13:39:57','2013-01-29 13:39:57'),
	(689,332,13,11,'Won','2013-01-29 13:43:15','2013-01-29 13:43:15'),
	(690,332,12,8,'Lost','2013-01-29 13:43:15','2013-01-29 13:43:15'),
	(691,333,13,8,'Lost','2013-01-29 13:49:59','2013-01-29 13:49:59'),
	(692,333,12,11,'Won','2013-01-29 13:49:59','2013-01-29 13:49:59'),
	(693,334,13,14,'Won','2013-01-29 13:50:03','2013-01-29 13:50:03'),
	(694,334,12,12,'Lost','2013-01-29 13:50:03','2013-01-29 13:50:03'),
	(695,335,8,3,'Lost','2013-01-29 14:13:54','2013-01-29 14:13:54'),
	(696,335,4,11,'Won','2013-01-29 14:13:54','2013-01-29 14:13:54'),
	(697,336,8,11,'Won','2013-01-29 14:23:57','2013-01-29 14:23:57'),
	(698,336,1,9,'Lost','2013-01-29 14:23:57','2013-01-29 14:23:57'),
	(699,337,8,5,'Lost','2013-01-29 14:24:07','2013-01-29 14:24:07'),
	(700,337,1,11,'Won','2013-01-29 14:24:07','2013-01-29 14:24:07'),
	(701,338,8,11,'Won','2013-01-29 14:24:16','2013-01-29 14:24:16'),
	(702,338,1,9,'Lost','2013-01-29 14:24:16','2013-01-29 14:24:16'),
	(703,339,8,8,'Lost','2013-01-29 17:33:27','2013-01-29 17:33:27'),
	(704,339,1,11,'Won','2013-01-29 17:33:27','2013-01-29 17:33:27'),
	(705,340,1,6,'Lost','2013-01-30 12:57:32','2013-01-30 12:57:32'),
	(706,340,8,11,'Won','2013-01-30 12:57:32','2013-01-30 12:57:32'),
	(707,341,1,11,'Won','2013-01-30 13:00:47','2013-01-30 13:00:47'),
	(708,341,8,8,'Lost','2013-01-30 13:00:47','2013-01-30 13:00:47'),
	(709,342,1,11,'Won','2013-01-30 13:03:46','2013-01-30 13:03:46'),
	(710,342,8,9,'Lost','2013-01-30 13:03:46','2013-01-30 13:03:46'),
	(711,343,6,9,'Lost','2013-01-30 13:11:41','2013-01-30 13:11:41'),
	(712,343,1,11,'Won','2013-01-30 13:11:41','2013-01-30 13:11:41'),
	(713,343,2,9,'Lost','2013-01-30 13:11:41','2013-01-30 13:11:41'),
	(714,343,11,11,'Won','2013-01-30 13:11:41','2013-01-30 13:11:41'),
	(715,344,11,14,'Won','2013-01-30 13:16:57','2013-01-30 13:16:57'),
	(716,344,2,12,'Lost','2013-01-30 13:16:57','2013-01-30 13:16:57'),
	(717,345,1,6,'Lost','2013-01-30 13:20:02','2013-01-30 13:20:02'),
	(718,345,11,11,'Won','2013-01-30 13:20:02','2013-01-30 13:20:02'),
	(719,346,1,12,'Won','2013-01-30 13:22:53','2013-01-30 13:22:53'),
	(720,346,12,10,'Lost','2013-01-30 13:22:53','2013-01-30 13:22:53'),
	(721,347,1,5,'Lost','2013-01-30 13:25:08','2013-01-30 13:25:08'),
	(722,347,12,11,'Won','2013-01-30 13:25:08','2013-01-30 13:25:08'),
	(723,348,4,6,'Lost','2013-01-30 13:27:41','2013-01-30 13:27:41'),
	(724,348,12,11,'Won','2013-01-30 13:27:41','2013-01-30 13:27:41'),
	(725,349,4,8,'Lost','2013-01-30 13:29:51','2013-01-30 13:29:51'),
	(726,349,12,11,'Won','2013-01-30 13:29:51','2013-01-30 13:29:51'),
	(727,350,1,4,'Lost','2013-01-30 13:32:18','2013-01-30 13:32:18'),
	(728,350,12,11,'Won','2013-01-30 13:32:18','2013-01-30 13:32:18'),
	(729,351,4,6,'Lost','2013-01-30 14:14:49','2013-01-30 14:14:49'),
	(730,351,10,11,'Won','2013-01-30 14:14:49','2013-01-30 14:14:49'),
	(731,352,4,5,'Lost','2013-01-30 14:14:55','2013-01-30 14:14:55'),
	(732,352,10,11,'Won','2013-01-30 14:14:55','2013-01-30 14:14:55'),
	(733,353,4,9,'Lost','2013-01-30 16:12:13','2013-01-30 16:12:13'),
	(734,353,10,11,'Won','2013-01-30 16:12:13','2013-01-30 16:12:13'),
	(735,354,4,11,'Won','2013-01-30 16:12:20','2013-01-30 16:12:20'),
	(736,354,10,4,'Lost','2013-01-30 16:12:20','2013-01-30 16:12:20'),
	(737,355,4,11,'Lost','2013-01-30 16:12:34','2013-01-30 16:12:34'),
	(738,355,10,13,'Won','2013-01-30 16:12:34','2013-01-30 16:12:34'),
	(739,356,10,4,'Lost','2013-01-31 12:40:51','2013-01-31 12:40:51'),
	(740,356,13,11,'Won','2013-01-31 12:40:51','2013-01-31 12:40:51'),
	(741,357,10,11,'Won','2013-01-31 12:40:55','2013-01-31 12:40:55'),
	(742,357,13,5,'Lost','2013-01-31 12:40:55','2013-01-31 12:40:55'),
	(743,358,10,11,'Won','2013-01-31 12:43:32','2013-01-31 12:43:32'),
	(744,358,13,9,'Lost','2013-01-31 12:43:32','2013-01-31 12:43:32'),
	(745,359,12,11,'Won','2013-01-31 12:47:04','2013-01-31 12:47:04'),
	(746,359,13,3,'Lost','2013-01-31 12:47:04','2013-01-31 12:47:04'),
	(747,360,12,9,'Lost','2013-01-31 12:50:06','2013-01-31 12:50:06'),
	(748,360,13,11,'Won','2013-01-31 12:50:06','2013-01-31 12:50:06'),
	(749,361,12,12,'Won','2013-01-31 12:54:18','2013-01-31 12:54:18'),
	(750,361,13,10,'Lost','2013-01-31 12:54:18','2013-01-31 12:54:18'),
	(751,362,12,11,'Won','2013-01-31 12:56:56','2013-01-31 12:56:56'),
	(752,362,13,6,'Lost','2013-01-31 12:56:56','2013-01-31 12:56:56'),
	(753,363,12,5,'Lost','2013-01-31 12:59:00','2013-01-31 12:59:00'),
	(754,363,10,11,'Won','2013-01-31 12:59:00','2013-01-31 12:59:00'),
	(755,364,1,5,'Lost','2013-01-31 13:01:21','2013-01-31 13:01:21'),
	(756,364,10,11,'Won','2013-01-31 13:01:21','2013-01-31 13:01:21'),
	(757,365,1,5,'Lost','2013-01-31 13:04:20','2013-01-31 13:04:20'),
	(758,365,13,11,'Won','2013-01-31 13:04:20','2013-01-31 13:04:20'),
	(759,366,1,5,'Lost','2013-01-31 13:07:30','2013-01-31 13:07:30'),
	(760,366,13,11,'Won','2013-01-31 13:07:30','2013-01-31 13:07:30'),
	(761,367,10,8,'Lost','2013-01-31 13:10:24','2013-01-31 13:10:24'),
	(762,367,12,11,'Won','2013-01-31 13:10:24','2013-01-31 13:10:24'),
	(763,368,10,6,'Lost','2013-01-31 13:12:50','2013-01-31 13:12:50'),
	(764,368,12,11,'Won','2013-01-31 13:12:50','2013-01-31 13:12:50'),
	(765,369,13,11,'Won','2013-01-31 13:16:43','2013-01-31 13:16:43'),
	(766,369,12,9,'Lost','2013-01-31 13:16:43','2013-01-31 13:16:43'),
	(767,370,6,11,'Won','2013-01-31 13:21:19','2013-01-31 13:21:19'),
	(768,370,20,6,'Lost','2013-01-31 13:21:19','2013-01-31 13:21:19'),
	(769,371,8,7,'Lost','2013-01-31 13:25:23','2013-01-31 13:25:23'),
	(770,371,1,11,'Won','2013-01-31 13:25:23','2013-01-31 13:25:23'),
	(771,372,8,6,'Lost','2013-01-31 13:29:14','2013-01-31 13:29:14'),
	(772,372,6,11,'Won','2013-01-31 13:29:14','2013-01-31 13:29:14'),
	(773,372,1,6,'Lost','2013-01-31 13:29:14','2013-01-31 13:29:14'),
	(774,372,20,11,'Won','2013-01-31 13:29:14','2013-01-31 13:29:14'),
	(775,373,12,11,'Won','2013-01-31 13:32:26','2013-01-31 13:32:26'),
	(776,373,10,5,'Lost','2013-01-31 13:32:26','2013-01-31 13:32:26'),
	(777,373,1,11,'Won','2013-01-31 13:32:26','2013-01-31 13:32:26'),
	(778,373,13,5,'Lost','2013-01-31 13:32:26','2013-01-31 13:32:26'),
	(779,374,12,11,'Won','2013-01-31 13:35:44','2013-01-31 13:35:44'),
	(780,374,10,9,'Lost','2013-01-31 13:35:44','2013-01-31 13:35:44'),
	(781,374,1,11,'Won','2013-01-31 13:35:44','2013-01-31 13:35:44'),
	(782,374,13,9,'Lost','2013-01-31 13:35:44','2013-01-31 13:35:44'),
	(783,375,12,14,'Won','2013-01-31 13:40:53','2013-01-31 13:40:53'),
	(784,375,10,12,'Lost','2013-01-31 13:40:53','2013-01-31 13:40:53'),
	(785,375,13,14,'Won','2013-01-31 13:40:53','2013-01-31 13:40:53'),
	(786,375,1,12,'Lost','2013-01-31 13:40:53','2013-01-31 13:40:53'),
	(787,376,12,9,'Lost','2013-01-31 13:44:09','2013-01-31 13:44:09'),
	(788,376,10,11,'Won','2013-01-31 13:44:09','2013-01-31 13:44:09'),
	(789,376,13,9,'Lost','2013-01-31 13:44:09','2013-01-31 13:44:09'),
	(790,376,1,11,'Won','2013-01-31 13:44:09','2013-01-31 13:44:09'),
	(791,377,12,11,'Won','2013-01-31 13:48:08','2013-01-31 13:48:08'),
	(792,377,10,9,'Lost','2013-01-31 13:48:08','2013-01-31 13:48:08'),
	(793,377,13,11,'Won','2013-01-31 13:48:08','2013-01-31 13:48:08'),
	(794,377,1,9,'Lost','2013-01-31 13:48:08','2013-01-31 13:48:08'),
	(795,378,13,11,'Won','2013-01-31 13:51:50','2013-01-31 13:51:50'),
	(796,378,10,7,'Lost','2013-01-31 13:51:50','2013-01-31 13:51:50'),
	(797,379,8,11,'Won','2013-01-31 15:44:32','2013-01-31 15:44:32'),
	(798,379,1,8,'Lost','2013-01-31 15:44:32','2013-01-31 15:44:32'),
	(799,380,8,14,'Won','2013-01-31 15:48:11','2013-01-31 15:48:11'),
	(800,380,1,12,'Lost','2013-01-31 15:48:11','2013-01-31 15:48:11'),
	(801,381,8,8,'Lost','2013-01-31 15:51:20','2013-01-31 15:51:20'),
	(802,381,1,11,'Won','2013-01-31 15:51:20','2013-01-31 15:51:20'),
	(803,382,8,11,'Won','2013-01-31 15:54:44','2013-01-31 15:54:44'),
	(804,382,2,7,'Lost','2013-01-31 15:54:44','2013-01-31 15:54:44'),
	(805,383,8,11,'Won','2013-01-31 15:59:29','2013-01-31 15:59:29'),
	(806,383,2,9,'Lost','2013-01-31 15:59:29','2013-01-31 15:59:29'),
	(807,384,1,11,'Won','2013-02-01 10:33:20','2013-02-01 10:33:20'),
	(808,384,2,3,'Lost','2013-02-01 10:33:20','2013-02-01 10:33:20'),
	(809,385,2,11,'Won','2013-02-01 13:00:00','2013-02-01 13:00:00'),
	(810,385,1,5,'Lost','2013-02-01 13:00:00','2013-02-01 13:00:00'),
	(811,386,2,5,'Lost','2013-02-01 13:02:44','2013-02-01 13:02:44'),
	(812,386,1,11,'Won','2013-02-01 13:02:44','2013-02-01 13:02:44'),
	(813,387,2,6,'Lost','2013-02-01 13:05:13','2013-02-01 13:05:13'),
	(814,387,1,11,'Won','2013-02-01 13:05:13','2013-02-01 13:05:13'),
	(815,388,14,11,'Won','2013-02-01 13:08:02','2013-02-01 13:08:02'),
	(816,388,1,5,'Lost','2013-02-01 13:08:02','2013-02-01 13:08:02'),
	(817,389,2,6,'Lost','2013-02-01 13:11:24','2013-02-01 13:11:24'),
	(818,389,1,11,'Won','2013-02-01 13:11:24','2013-02-01 13:11:24'),
	(819,390,2,5,'Lost','2013-02-01 13:13:57','2013-02-01 13:13:57'),
	(820,390,1,11,'Won','2013-02-01 13:13:57','2013-02-01 13:13:57'),
	(821,391,4,7,'Lost','2013-02-01 13:16:38','2013-02-01 13:16:38'),
	(822,391,10,11,'Won','2013-02-01 13:16:38','2013-02-01 13:16:38'),
	(823,392,4,4,'Lost','2013-02-01 13:18:40','2013-02-01 13:18:40'),
	(824,392,10,11,'Won','2013-02-01 13:18:41','2013-02-01 13:18:41'),
	(825,393,12,14,'Won','2013-02-01 13:24:32','2013-02-01 13:24:32'),
	(826,393,10,12,'Lost','2013-02-01 13:24:32','2013-02-01 13:24:32'),
	(827,394,12,7,'Lost','2013-02-01 13:24:41','2013-02-01 13:24:41'),
	(828,394,10,11,'Won','2013-02-01 13:24:41','2013-02-01 13:24:41'),
	(829,395,14,10,'Lost','2013-02-01 13:27:29','2013-02-01 13:27:29'),
	(830,395,10,12,'Won','2013-02-01 13:27:29','2013-02-01 13:27:29'),
	(831,396,14,11,'Won','2013-02-01 13:29:45','2013-02-01 13:29:45'),
	(832,396,10,8,'Lost','2013-02-01 13:29:45','2013-02-01 13:29:45'),
	(833,397,14,11,'Won','2013-02-01 13:32:16','2013-02-01 13:32:16'),
	(834,397,10,8,'Lost','2013-02-01 13:32:16','2013-02-01 13:32:16'),
	(835,398,1,11,'Won','2013-02-01 13:37:16','2013-02-01 13:37:16'),
	(836,398,8,9,'Lost','2013-02-01 13:37:16','2013-02-01 13:37:16'),
	(837,399,4,8,'Lost','2013-02-01 14:32:15','2013-02-01 14:32:15'),
	(838,399,10,11,'Won','2013-02-01 14:32:15','2013-02-01 14:32:15'),
	(839,400,4,5,'Lost','2013-02-01 14:32:20','2013-02-01 14:32:20'),
	(840,400,10,11,'Won','2013-02-01 14:32:20','2013-02-01 14:32:20'),
	(841,401,1,8,'Lost','2013-02-01 14:52:48','2013-02-01 14:52:48'),
	(842,401,6,11,'Won','2013-02-01 14:52:48','2013-02-01 14:52:48'),
	(843,402,10,11,'Won','2013-02-01 16:37:21','2013-02-01 16:37:21'),
	(844,402,4,8,'Lost','2013-02-01 16:37:21','2013-02-01 16:37:21'),
	(845,403,10,12,'Won','2013-02-01 16:37:27','2013-02-01 16:37:27'),
	(846,403,4,10,'Lost','2013-02-01 16:37:27','2013-02-01 16:37:27'),
	(847,404,10,9,'Lost','2013-02-04 12:04:54','2013-02-04 12:04:54'),
	(848,404,4,11,'Won','2013-02-04 12:04:54','2013-02-04 12:04:54'),
	(849,405,10,11,'Won','2013-02-04 12:04:59','2013-02-04 12:04:59'),
	(850,405,4,8,'Lost','2013-02-04 12:04:59','2013-02-04 12:04:59'),
	(851,406,10,10,'Lost','2013-02-04 12:05:08','2013-02-04 12:05:08'),
	(852,406,4,12,'Won','2013-02-04 12:05:08','2013-02-04 12:05:08'),
	(853,407,16,11,'Won','2013-02-04 12:45:07','2013-02-04 12:45:07'),
	(854,407,2,2,'Lost','2013-02-04 12:45:07','2013-02-04 12:45:07'),
	(855,408,16,11,'Won','2013-02-04 12:45:21','2013-02-04 12:45:21'),
	(856,408,2,3,'Lost','2013-02-04 12:45:21','2013-02-04 12:45:21'),
	(857,409,16,11,'Won','2013-02-04 12:48:14','2013-02-04 12:48:14'),
	(858,409,14,4,'Lost','2013-02-04 12:48:14','2013-02-04 12:48:14'),
	(859,410,16,11,'Won','2013-02-04 12:51:13','2013-02-04 12:51:13'),
	(860,410,14,8,'Lost','2013-02-04 12:51:13','2013-02-04 12:51:13'),
	(861,411,16,9,'Lost','2013-02-04 12:53:29','2013-02-04 12:53:29'),
	(862,411,14,11,'Won','2013-02-04 12:53:29','2013-02-04 12:53:29'),
	(863,412,1,11,'Won','2013-02-04 13:00:53','2013-02-04 13:00:53'),
	(864,412,8,8,'Lost','2013-02-04 13:00:53','2013-02-04 13:00:53'),
	(865,413,1,9,'Lost','2013-02-04 13:03:58','2013-02-04 13:03:58'),
	(866,413,16,11,'Won','2013-02-04 13:03:58','2013-02-04 13:03:58'),
	(867,414,1,3,'Lost','2013-02-04 13:06:02','2013-02-04 13:06:02'),
	(868,414,14,11,'Won','2013-02-04 13:06:02','2013-02-04 13:06:02'),
	(869,415,10,11,'Won','2013-02-04 13:08:24','2013-02-04 13:08:24'),
	(870,415,14,8,'Lost','2013-02-04 13:08:24','2013-02-04 13:08:24'),
	(871,416,10,2,'Lost','2013-02-04 13:10:16','2013-02-04 13:10:16'),
	(872,416,16,11,'Won','2013-02-04 13:10:16','2013-02-04 13:10:16'),
	(873,417,12,9,'Lost','2013-02-04 13:21:27','2013-02-04 13:21:27'),
	(874,417,14,11,'Won','2013-02-04 13:21:27','2013-02-04 13:21:27'),
	(875,418,12,9,'Lost','2013-02-04 13:21:34','2013-02-04 13:21:34'),
	(876,418,14,11,'Won','2013-02-04 13:21:34','2013-02-04 13:21:34'),
	(877,419,12,4,'Lost','2013-02-04 13:21:38','2013-02-04 13:21:38'),
	(878,419,14,11,'Won','2013-02-04 13:21:38','2013-02-04 13:21:38'),
	(879,420,12,5,'Lost','2013-02-04 13:23:57','2013-02-04 13:23:57'),
	(880,420,4,11,'Won','2013-02-04 13:23:57','2013-02-04 13:23:57'),
	(881,421,16,13,'Won','2013-02-04 13:27:39','2013-02-04 13:27:39'),
	(882,421,4,11,'Lost','2013-02-04 13:27:39','2013-02-04 13:27:39'),
	(883,422,16,11,'Won','2013-02-04 13:31:07','2013-02-04 13:31:07'),
	(884,422,10,9,'Lost','2013-02-04 13:31:07','2013-02-04 13:31:07'),
	(885,423,1,2,'Lost','2013-02-04 13:33:55','2013-02-04 13:33:55'),
	(886,423,10,11,'Won','2013-02-04 13:33:55','2013-02-04 13:33:55'),
	(887,424,1,6,'Lost','2013-02-04 13:35:56','2013-02-04 13:35:56'),
	(888,424,10,11,'Won','2013-02-04 13:35:56','2013-02-04 13:35:56'),
	(889,425,4,7,'Lost','2013-02-04 13:38:51','2013-02-04 13:38:51'),
	(890,425,10,11,'Won','2013-02-04 13:38:51','2013-02-04 13:38:51'),
	(891,426,16,11,'Won','2013-02-04 13:41:40','2013-02-04 13:41:40'),
	(892,426,10,6,'Lost','2013-02-04 13:41:40','2013-02-04 13:41:40'),
	(893,427,16,8,'Lost','2013-02-04 13:44:16','2013-02-04 13:44:16'),
	(894,427,10,11,'Won','2013-02-04 13:44:16','2013-02-04 13:44:16'),
	(895,428,16,5,'Lost','2013-02-04 13:46:14','2013-02-04 13:46:14'),
	(896,428,10,11,'Won','2013-02-04 13:46:14','2013-02-04 13:46:14');

/*!40000 ALTER TABLE `matches_players` ENABLE KEYS */;
UNLOCK TABLES;


# Dump of table players
# ------------------------------------------------------------

DROP TABLE IF EXISTS `players`;

CREATE TABLE `players` (
  `id` int(11) unsigned NOT NULL AUTO_INCREMENT,
  `first_name` varchar(255) NOT NULL DEFAULT '',
  `nickname` varchar(255) DEFAULT '',
  `last_name` varchar(255) NOT NULL DEFAULT '',
  `email` varchar(255) DEFAULT NULL,
  `performance_rating` int(11) NOT NULL DEFAULT '1000',
  `department_id` int(11) DEFAULT NULL,
  `created` datetime DEFAULT NULL,
  `modified` datetime DEFAULT NULL,
  PRIMARY KEY (`id`)
) ENGINE=InnoDB DEFAULT CHARSET=utf8;

LOCK TABLES `players` WRITE;
/*!40000 ALTER TABLE `players` DISABLE KEYS */;

INSERT INTO `players` (`id`, `first_name`, `nickname`, `last_name`, `email`, `performance_rating`, `department_id`, `created`, `modified`)
VALUES
	(1,'David','Neon','Yell','dyell@ukwebmedia.com',6640,1,'2012-12-19 15:40:09','2012-12-19 15:40:09'),
	(2,'Dan','Little Panda','Platt','dplatt@ukwebmedia.com',2188,1,'2012-12-19 15:40:23','2012-12-19 15:40:23'),
	(3,'Owen','Pwn','Gerrard','ogerrard@ukwebmedia.com',1000,1,'2012-12-19 17:09:03','2012-12-19 17:09:03'),
	(4,'Ben',NULL,'Christine','bchristine@ukwebmedia.com',9820,3,'2012-12-19 17:09:19','2012-12-19 17:09:19'),
	(6,'Simon','','Buckwell','sbuckwell@ukwebmedia.com',1172,1,'2012-12-20 15:50:24','2012-12-20 15:50:24'),
	(7,'Kwame','','Laryea','klaryea@ukwebmedia.com',1000,3,'2012-12-20 15:51:51','2012-12-20 15:51:51'),
	(8,'Adam','The Fury','White','awhite@ukwebmedia.com',4991,1,'2012-12-20 15:52:16','2012-12-20 15:52:16'),
	(9,'Harry','','Walter','hwalter@ukwebmedia.com',1144,1,'2012-12-20 15:52:26','2012-12-20 15:52:26'),
	(10,'Steve','Steve','King','sking@ukwebmedia.com',11206,3,'2012-12-20 15:52:40','2012-12-20 15:52:40'),
	(11,'Stuart','Stu','Lowes','slowes@ukwebmedia.com',2893,1,'2012-12-20 15:53:45','2012-12-20 15:53:45'),
	(12,'Tom','Tojo','Marshall','tmarshall@ukwebmedia.com',9181,2,'2012-12-20 15:54:46','2012-12-20 15:54:46'),
	(13,'James','','Pickard','jpickard@ukwebmedia.com',9126,4,'2012-12-20 15:54:55','2012-12-20 15:54:55'),
	(14,'Shaun','','Bartlett','sbartlett@ukwebmedia.com',7676,2,'2012-12-20 15:55:07','2012-12-20 15:55:07'),
	(16,'James','','Breckenridge','jbreckenridge@ukwebmedia.com',3400,5,'2012-12-21 09:02:55','2012-12-21 09:02:55'),
	(17,'Matt','','Holmes','mholmes@ukwebmedia.com',1085,2,'2013-01-08 17:38:38','2013-01-08 17:38:38'),
	(18,'Mark','','White','mwhite@ukwebmedia.com',1114,5,'2013-01-09 17:33:02','2013-01-09 17:33:02'),
	(19,'Jamie','','Harwood','jharwood@ukwebmedia.com',1000,5,'2013-01-09 17:33:27','2013-01-09 17:33:27'),
	(20,'Chloe','','Ammonds-Nutt','cammonds@ukwebmedia.com',1044,2,'2013-01-23 15:19:03','2013-01-23 15:19:03'),
	(21,'Emily','','Mansfield','emansfield@ukwebmedia.com',1000,2,'2013-01-23 15:19:03','2013-01-23 15:19:03'),
	(22,'Abbie','','Allport','aallport@ukwebmedia.com',1000,2,'2013-01-23 15:19:03','2013-01-23 15:19:03'),
	(23,'Kate','','Trotter','ktrotter@ukwebmedia.com',1000,2,'2013-01-23 15:19:03','2013-01-23 15:19:03'),
	(24,'Sam','','Powley','spowley@ukwebmedia.com',1000,6,'2013-01-23 15:19:03','2013-01-23 15:19:03'),
	(25,'Claire','','Reynolds','creynolds@ukwebmedia.com',1000,6,'2013-01-23 15:19:03','2013-01-23 15:19:03'),
	(26,'Deborah','','Garrett','dgarrett@ukwebmedia.com',1000,6,'2013-01-23 15:19:03','2013-01-23 15:19:03');

/*!40000 ALTER TABLE `players` ENABLE KEYS */;
UNLOCK TABLES;



/*!40111 SET SQL_NOTES=@OLD_SQL_NOTES */;
/*!40101 SET SQL_MODE=@OLD_SQL_MODE */;
/*!40014 SET FOREIGN_KEY_CHECKS=@OLD_FOREIGN_KEY_CHECKS */;
/*!40101 SET CHARACTER_SET_CLIENT=@OLD_CHARACTER_SET_CLIENT */;
/*!40101 SET CHARACTER_SET_RESULTS=@OLD_CHARACTER_SET_RESULTS */;
/*!40101 SET COLLATION_CONNECTION=@OLD_COLLATION_CONNECTION */;
